Dist Code,Year,State Code,State Name,Dist Name,RICE AREA (1000 ha),WHEAT AREA (1000 ha),SORGHUM AREA (1000 ha),PEARL MILLET AREA (1000 ha),MAIZE AREA (1000 ha),FINGER MILLET AREA (1000 ha),TOTAL AREA (1000 ha)
64,1966,5,Karnataka,Bangalore,0.2,0,0.1,0,0.4,-1,0.7
64,1967,5,Karnataka,Bangalore,1.2,0,0.9,0,3.3,-1,5.4
64,1968,5,Karnataka,Bangalore,0.3,0.2,1.9,0,6.4,-1,8.8
64,1969,5,Karnataka,Bangalore,0.8,1,1.7,0,5.2,-1,8.7
64,1970,5,Karnataka,Bangalore,2.5,0.2,0.7,0,12.1,-1,15.5
64,1971,5,Karnataka,Bangalore,4.6,0.5,0.2,0,14.2,-1,19.5
64,1972,5,Karnataka,Bangalore,9.3,0.4,0.3,0,7.1,-1,17.1
64,1973,5,Karnataka,Bangalore,14.5,0.5,0.9,0,8.9,-1,24.8
64,1974,5,Karnataka,Bangalore,14.6,0.8,0.7,0,9.3,-1,25.4
64,1975,5,Karnataka,Bangalore,23.8,0.5,0.6,0,19.1,-1,44
64,1976,5,Karnataka,Bangalore,6,0.4,0.1,0,10.3,-1,16.8
64,1977,5,Karnataka,Bangalore,26.7,0.6,0.2,0,18.8,-1,46.3
64,1978,5,Karnataka,Bangalore,20.5,0.4,0,0,17.3,-1,38.2
64,1979,5,Karnataka,Bangalore,23.6,0.2,0,0,11.4,-1,35.2
64,1980,5,Karnataka,Bangalore,15.7,0,0,0,11.2,-1,26.9
64,1981,5,Karnataka,Bangalore,28.1,0.3,0.2,0,9.8,-1,38.4
64,1982,5,Karnataka,Bangalore,19.8,0.4,0.2,0,10.8,-1,31.2
64,1983,5,Karnataka,Bangalore,24.4,0.2,0.1,0,11.6,-1,36.3
64,1984,5,Karnataka,Bangalore,24.2,0.2,0.1,0,9,-1,33.5
64,1985,5,Karnataka,Bangalore,21,0.2,0.1,0,10,-1,31.3
64,1986,5,Karnataka,Bangalore,24.4,0.2,0.1,0,13.9,-1,38.6
64,1987,5,Karnataka,Bangalore,21.1,0.1,0.1,0,10.7,-1,32
64,1988,5,Karnataka,Bangalore,29.1,0,0,0,8.3,-1,37.4
64,1989,5,Karnataka,Bangalore,20.8,0,0,0,6.6,-1,27.4
64,1990,5,Karnataka,Bangalore,15.66,0.03,0,0,5.63,179.21,200.53
64,1991,5,Karnataka,Bangalore,33.25,0.02,0,0,7.43,194.65,235.35
64,1992,5,Karnataka,Bangalore,24.45,0.01,0,0,6.68,184.61,215.75
64,1993,5,Karnataka,Bangalore,28.01,0.01,0,0,6.94,184.78,219.74
64,1994,5,Karnataka,Bangalore,13.96,0,0,0,7.31,171.46,192.73
64,1995,5,Karnataka,Bangalore,16.54,0,0,0,7.28,193.44,217.26
64,1996,5,Karnataka,Bangalore,22.73,0.01,0,0,7,193.68,223.42
64,1997,5,Karnataka,Bangalore,20.01,0,0,0,6.11,178.96,205.08
64,1998,5,Karnataka,Bangalore,27.68,0,0,0,4.99,4.87,37.54
64,1999,5,Karnataka,Bangalore,25.3,0,0,0,5.11,6.37,36.78
64,2000,5,Karnataka,Bangalore,29.28,0,0,0,6.7,195.1,231.08
64,2001,5,Karnataka,Bangalore,19.54,0,0,0,7.04,187.7,214.28
64,2002,5,Karnataka,Bangalore,8.92,0,0,0,5.5,138.51,152.93
64,2003,5,Karnataka,Bangalore,9.14,0,0.25,0,7.85,146.9,164.13
64,2004,5,Karnataka,Bangalore,12.75,0,0,0,8.58,175.03,196.36
64,2005,5,Karnataka,Bangalore,15.36,0,0,0,10.28,175.65,201.29
64,2006,5,Karnataka,Bangalore,9.93,0,0,0,7.98,113.3,131.21
64,2007,5,Karnataka,Bangalore,10.22,-1,0,0,11.19,150.65,172.04
64,2008,5,Karnataka,Bangalore,10.94,0,0,0,13.26,147.51,171.72
64,2009,5,Karnataka,Bangalore,12.02,0,0,0,13.59,142.62,168.24
65,1966,5,Karnataka,Kolar,0.5,0,0.1,0,0.8,-1,1.4
65,1967,5,Karnataka,Kolar,1.8,0,1.6,0,4.3,-1,7.7
65,1968,5,Karnataka,Kolar,1.7,0.1,6.5,0.1,5.7,-1,14.1
65,1969,5,Karnataka,Kolar,2.2,0.8,8.3,0.2,7.3,-1,18.8
65,1970,5,Karnataka,Kolar,2.7,0.5,1,0.7,8.2,-1,13.1
65,1971,5,Karnataka,Kolar,4.6,0.5,1.8,0.4,7.9,-1,15.2
65,1972,5,Karnataka,Kolar,15.4,0.8,2.6,0.3,8.5,-1,27.6
65,1973,5,Karnataka,Kolar,17.1,1.3,2.5,1.3,10.2,-1,32.4
65,1974,5,Karnataka,Kolar,19.9,0.9,2.5,2.8,10,-1,36.1
65,1975,5,Karnataka,Kolar,35.1,0.6,0.7,0.8,9.2,-1,46.4
65,1976,5,Karnataka,Kolar,11.9,0.6,1.2,0.9,12.9,-1,27.5
65,1977,5,Karnataka,Kolar,26.3,0.9,2.2,1.2,15.2,-1,45.8
65,1978,5,Karnataka,Kolar,27.2,0.9,1.9,1,19,-1,50
65,1979,5,Karnataka,Kolar,27.6,0.7,0.6,0.5,14.1,-1,43.5
65,1980,5,Karnataka,Kolar,10.4,0.3,1.4,0.6,11.8,-1,24.5
65,1981,5,Karnataka,Kolar,43.1,0.5,1.7,0.8,16,-1,62.1
65,1982,5,Karnataka,Kolar,20.7,0.4,0.4,0.5,15,-1,37
65,1983,5,Karnataka,Kolar,22,0.5,0.2,0.4,9.2,-1,32.3
65,1984,5,Karnataka,Kolar,21.8,0.6,0.2,0.3,7.1,-1,30
65,1985,5,Karnataka,Kolar,19,0.4,0.2,0.3,8,-1,27.9
65,1986,5,Karnataka,Kolar,22,0.4,0.2,0.3,11,-1,33.9
65,1987,5,Karnataka,Kolar,19.1,0.3,0.2,0.4,8.5,-1,28.5
65,1988,5,Karnataka,Kolar,35.1,0.1,0.2,0.2,10.1,-1,45.7
65,1989,5,Karnataka,Kolar,30.8,0.1,0,0.1,8.7,-1,39.7
65,1990,5,Karnataka,Kolar,18.34,0.06,0.36,0.35,9.46,101.23,129.8
65,1991,5,Karnataka,Kolar,52.58,0.07,0,0.44,8.89,91.73,153.71
65,1992,5,Karnataka,Kolar,14.81,0.04,0,0.18,9,92.24,116.27
65,1993,5,Karnataka,Kolar,29.96,0.04,0,0.18,10.59,108.39,149.16
65,1994,5,Karnataka,Kolar,15.21,0.03,0,0.07,9.39,93.76,118.46
65,1995,5,Karnataka,Kolar,14.82,0.01,0,0.11,10.81,101.91,127.66
65,1996,5,Karnataka,Kolar,33.05,0,0,0.14,15.02,107.78,155.99
65,1997,5,Karnataka,Kolar,18.87,0,0,0.09,12.48,100.26,131.7
65,1998,5,Karnataka,Kolar,25.97,0,0,0,7.64,17.35,50.96
65,1999,5,Karnataka,Kolar,8.59,0,0,0,6.17,11.46,26.22
65,2000,5,Karnataka,Kolar,21.72,0,0,0,16.43,131.96,170.11
65,2001,5,Karnataka,Kolar,24.06,0,0,0,16.3,100.9,141.26
65,2002,5,Karnataka,Kolar,5.48,0,0,0,16.9,51.25,73.63
65,2003,5,Karnataka,Kolar,5.07,0,0,0,0,120.92,125.99
65,2004,5,Karnataka,Kolar,4.21,0,0,0,24.9,109.31,138.42
65,2005,5,Karnataka,Kolar,15.06,0,0,0,23.09,106.69,144.84
65,2006,5,Karnataka,Kolar,8.13,0,0,0,23.95,62.52,94.6
65,2007,5,Karnataka,Kolar,8.49,0,0,0,34.54,98.28,141.31
65,2008,5,Karnataka,Kolar,9.92,0,0,0,35.58,104.13,149.65
65,2009,5,Karnataka,Kolar,8.15,0,0,0,39.99,96.62,144.76
66,1966,5,Karnataka,Tumkur,0.8,0,0.1,0,0.1,-1,1
66,1967,5,Karnataka,Tumkur,1.1,0,0.4,0,3.6,-1,5.1
66,1968,5,Karnataka,Tumkur,0.7,1,4.6,0,7.2,-1,13.5
66,1969,5,Karnataka,Tumkur,3.8,1.5,8.2,0,5.3,-1,18.8
66,1970,5,Karnataka,Tumkur,14.9,2.4,5.6,0.5,12.5,-1,35.9
66,1971,5,Karnataka,Tumkur,16.2,2,3.3,0.1,7.5,-1,29.1
66,1972,5,Karnataka,Tumkur,32,3,2.9,0,8.9,-1,46.8
66,1973,5,Karnataka,Tumkur,29.1,2.1,3.1,0,13.3,-1,47.6
66,1974,5,Karnataka,Tumkur,33.2,2,5.5,0,13.2,-1,53.9
66,1975,5,Karnataka,Tumkur,51.7,1,5,0.1,10.7,-1,68.5
66,1976,5,Karnataka,Tumkur,10.9,1.5,1.7,0,9.9,-1,24
66,1977,5,Karnataka,Tumkur,35.9,0.6,5.7,0.5,12.4,-1,55.1
66,1978,5,Karnataka,Tumkur,21.6,0.6,3,0.2,10.9,-1,36.3
66,1979,5,Karnataka,Tumkur,30.2,0.4,4.2,0,8.5,-1,43.3
66,1980,5,Karnataka,Tumkur,26.3,0.9,2.5,0,7.3,-1,37
66,1981,5,Karnataka,Tumkur,38.7,0.9,2.5,0,2.9,-1,45
66,1982,5,Karnataka,Tumkur,24.5,0.4,4.3,0,4.1,-1,33.3
66,1983,5,Karnataka,Tumkur,25.6,0.2,3.1,0,4.5,-1,33.4
66,1984,5,Karnataka,Tumkur,25.4,0.2,2.6,0,3.5,-1,31.7
66,1985,5,Karnataka,Tumkur,22.1,0.2,2.8,0,3.9,-1,29
66,1986,5,Karnataka,Tumkur,25.6,0.2,3.7,0,5.4,-1,34.9
66,1987,5,Karnataka,Tumkur,22.2,0.1,2.7,0,4.2,-1,29.2
66,1988,5,Karnataka,Tumkur,50.2,0.1,2.5,0,5.7,-1,58.5
66,1989,5,Karnataka,Tumkur,26.5,0,3.1,0,4.2,-1,33.8
66,1990,5,Karnataka,Tumkur,16.51,0.04,1.7,0,3.76,138.89,160.9
66,1991,5,Karnataka,Tumkur,35.06,0.05,3.67,0,2.44,140.18,181.4
66,1992,5,Karnataka,Tumkur,39.74,0.06,3.55,0,2.6,146.7,192.65
66,1993,5,Karnataka,Tumkur,32.06,0.06,2.21,0,4.29,153.36,191.98
66,1994,5,Karnataka,Tumkur,19.26,0.1,1.85,0,3.18,144.32,168.71
66,1995,5,Karnataka,Tumkur,17.37,0.04,1.3,0,4.98,162.73,186.42
66,1996,5,Karnataka,Tumkur,39.93,0.01,1.39,0,5.25,188,234.58
66,1997,5,Karnataka,Tumkur,31.64,0,2.67,0,4,158.49,196.8
66,1998,5,Karnataka,Tumkur,45.05,0,0.06,0,1.7,10.6,57.41
66,1999,5,Karnataka,Tumkur,38.5,0,0.2,0,2.16,15.22,56.08
66,2000,5,Karnataka,Tumkur,55.9,0,0.94,0,10.45,191.93,259.22
66,2001,5,Karnataka,Tumkur,49.27,0,0.75,0,9.15,159.47,218.64
66,2002,5,Karnataka,Tumkur,16.9,0,3.27,0,14.51,144.03,178.71
66,2003,5,Karnataka,Tumkur,12.29,0,1.61,0,13.37,157.87,185.14
66,2004,5,Karnataka,Tumkur,24.99,0,1.37,0,12.54,183.65,222.55
66,2005,5,Karnataka,Tumkur,38.12,0,0.75,0,15.86,189.72,244.45
66,2006,5,Karnataka,Tumkur,28.63,0,1.3,0,14.01,116.71,160.64
66,2007,5,Karnataka,Tumkur,29.46,-1,0.88,0,20.82,187.37,238.53
66,2008,5,Karnataka,Tumkur,39.39,0,1.11,0,20.22,198.39,259.11
66,2009,5,Karnataka,Tumkur,36.04,0,2.56,0,20.31,180.01,238.92
67,1966,5,Karnataka,Mysore,2.7,0,0.1,0,0,-1,2.8
67,1967,5,Karnataka,Mysore,1.1,0,0.2,0,1.2,-1,2.5
67,1968,5,Karnataka,Mysore,1.1,0,1.4,0,4.2,-1,6.7
67,1969,5,Karnataka,Mysore,2,0.3,7,0,4.6,-1,13.9
67,1970,5,Karnataka,Mysore,4.6,0,5.8,0.2,8.9,-1,19.5
67,1971,5,Karnataka,Mysore,5.9,0,6.8,0.6,8.2,-1,21.5
67,1972,5,Karnataka,Mysore,8.1,0,15.7,0.4,12.1,-1,36.3
67,1973,5,Karnataka,Mysore,13.1,0,21.2,2,14,-1,50.3
67,1974,5,Karnataka,Mysore,14.7,0.1,28.9,1.6,14.8,-1,60.1
67,1975,5,Karnataka,Mysore,25.7,0.2,37.4,2.6,17,-1,82.9
67,1976,5,Karnataka,Mysore,38,0.1,26.7,0.9,10.9,-1,76.6
67,1977,5,Karnataka,Mysore,46,0.1,47.6,1.3,12.1,-1,107.1
67,1978,5,Karnataka,Mysore,45.2,16.5,32.3,2.1,16.5,-1,112.6
67,1979,5,Karnataka,Mysore,60.6,0,39,1.6,18.3,-1,119.5
67,1980,5,Karnataka,Mysore,57.7,0.1,30.3,5.6,18.3,-1,112
67,1981,5,Karnataka,Mysore,64.3,22,38,4.8,22,-1,151.1
67,1982,5,Karnataka,Mysore,55.5,0,44.9,1.4,17.8,-1,119.6
67,1983,5,Karnataka,Mysore,55.5,0,32.1,4,21.4,-1,113
67,1984,5,Karnataka,Mysore,55.1,0,27.1,3,16.6,-1,101.8
67,1985,5,Karnataka,Mysore,47.8,0,28.9,2.9,18.5,-1,98.1
67,1986,5,Karnataka,Mysore,55.5,0,38.7,3.4,25.6,-1,123.2
67,1987,5,Karnataka,Mysore,48.1,0,27.7,3.5,19.8,-1,99.1
67,1988,5,Karnataka,Mysore,73,0.1,30.6,1.7,16.8,-1,122.2
67,1989,5,Karnataka,Mysore,74.4,0,31.7,2.3,17,-1,125.4
67,1990,5,Karnataka,Mysore,71.21,0.04,29.62,2.07,13.5,65.41,181.85
67,1991,5,Karnataka,Mysore,95.11,0,35.43,4.51,15.44,93.33,243.82
67,1992,5,Karnataka,Mysore,104.14,0,37.26,1.81,15.8,108.34,267.35
67,1993,5,Karnataka,Mysore,113.81,0.08,35.76,1.84,16.89,105.63,274.01
67,1994,5,Karnataka,Mysore,116.67,0.02,39.56,2,20.53,95.06,273.84
67,1995,5,Karnataka,Mysore,112.69,0.04,23.96,0.8,22.51,99.83,259.83
67,1996,5,Karnataka,Mysore,123,0.04,21.44,0.54,23.13,100.6,268.75
67,1997,5,Karnataka,Mysore,126.05,0,17.57,0.31,20.71,96.2,260.84
67,1998,5,Karnataka,Mysore,127.51,0,2.05,0.06,2.74,9.38,141.74
67,1999,5,Karnataka,Mysore,116.25,0,1.16,0.07,4.28,5.33,127.09
67,2000,5,Karnataka,Mysore,126.13,0,17.27,0.68,41.9,91.84,277.82
67,2001,5,Karnataka,Mysore,132.57,0,17.44,0.2,32.15,99.97,282.33
67,2002,5,Karnataka,Mysore,95.08,0,15.88,0.32,34.84,93.25,239.37
67,2003,5,Karnataka,Mysore,92.37,0,13.75,0.16,36.5,91.01,233.78
67,2004,5,Karnataka,Mysore,133.76,0,22.22,0.46,38.34,102.56,297.34
67,2005,5,Karnataka,Mysore,138.71,0,20.29,0.54,44.97,122.99,327.49
67,2006,5,Karnataka,Mysore,130.32,0,20.4,0.31,55.46,84.5,291
67,2007,5,Karnataka,Mysore,141.34,-1,15.49,0.68,64.73,97.74,319.97
67,2008,5,Karnataka,Mysore,143.09,0,14.26,0.21,67.85,83.82,309.23
67,2009,5,Karnataka,Mysore,140.76,0,16.62,0.46,67.29,81.97,307.11
68,1966,5,Karnataka,Mandya,0,0,0,0,0,-1,-1
68,1967,5,Karnataka,Mandya,0.5,0,0.1,0,1,-1,1.6
68,1968,5,Karnataka,Mandya,0.3,0,1.6,0,3,-1,4.9
68,1969,5,Karnataka,Mandya,1.5,0,3.2,0,1,-1,5.7
68,1970,5,Karnataka,Mandya,6,0,2.5,0,0.9,-1,9.4
68,1971,5,Karnataka,Mandya,6.8,0,2.2,0,0.4,-1,9.4
68,1972,5,Karnataka,Mandya,14,0.1,2.2,0,0.3,-1,16.6
68,1973,5,Karnataka,Mandya,19.7,0.1,2.5,0,0.8,-1,23.1
68,1974,5,Karnataka,Mandya,19.9,0.1,3.4,0,1.1,-1,24.5
68,1975,5,Karnataka,Mandya,30.1,0.1,3.1,0,0.9,-1,34.2
68,1976,5,Karnataka,Mandya,38.5,0.1,1.2,0,0.5,-1,40.3
68,1977,5,Karnataka,Mandya,48.3,0.1,5.7,0,0.5,-1,54.6
68,1978,5,Karnataka,Mandya,45.3,0,4.3,0,0.3,-1,49.9
68,1979,5,Karnataka,Mandya,58.2,0,2.5,0,0.2,-1,60.9
68,1980,5,Karnataka,Mandya,55.3,0,2.5,0,0.5,-1,58.3
68,1981,5,Karnataka,Mandya,63.1,1,4.1,0,1,-1,69.2
68,1982,5,Karnataka,Mandya,59.3,0,1.8,0,0.3,-1,61.4
68,1983,5,Karnataka,Mandya,58.5,0,5.3,0,0.1,-1,63.9
68,1984,5,Karnataka,Mandya,58,0,4.5,0,0.1,-1,62.6
68,1985,5,Karnataka,Mandya,50.4,0,4.8,0,0.1,-1,55.3
68,1986,5,Karnataka,Mandya,58.5,0,6.4,0,0.1,-1,65
68,1987,5,Karnataka,Mandya,50.7,0,4.6,0,0.1,-1,55.4
68,1988,5,Karnataka,Mandya,67.3,0,2.7,0.1,0.2,-1,70.3
68,1989,5,Karnataka,Mandya,69.5,0,2,0.1,0.1,-1,71.7
68,1990,5,Karnataka,Mandya,65.76,0,1.69,0,0.05,72.69,140.19
68,1991,5,Karnataka,Mandya,73.23,0,8.81,0,0.03,93.78,175.85
68,1992,5,Karnataka,Mandya,75.26,0,4.59,0,0.06,82.81,162.72
68,1993,5,Karnataka,Mandya,73.64,0,0.96,0,0.02,73.91,148.53
68,1994,5,Karnataka,Mandya,73.28,0,1.95,0,0.05,57.74,133.02
68,1995,5,Karnataka,Mandya,71.35,0,1.24,0,0.03,97.22,169.84
68,1996,5,Karnataka,Mandya,82.05,0,1.2,0,0.05,93.9,177.2
68,1997,5,Karnataka,Mandya,84.61,0,0.7,0,0.1,84.52,169.93
68,1998,5,Karnataka,Mandya,79.49,0,0,0,0,8.66,88.15
68,1999,5,Karnataka,Mandya,78.87,0,0.04,0,0.03,10.1,89.04
68,2000,5,Karnataka,Mandya,78.71,0,1.19,0,0.31,78.27,158.48
68,2001,5,Karnataka,Mandya,71.96,0,0.23,0,0,77,149.19
68,2002,5,Karnataka,Mandya,43.1,0,0.17,0,3.21,52.79,99.27
68,2003,5,Karnataka,Mandya,54.5,0,0.08,0,3.49,65.5,123.57
68,2004,5,Karnataka,Mandya,91.89,0,0.28,0,4.12,66.65,162.94
68,2005,5,Karnataka,Mandya,83.81,0,0.02,0,2.6,75.33,161.76
68,2006,5,Karnataka,Mandya,68.49,0,0,0,3.25,20.66,92.41
68,2007,5,Karnataka,Mandya,86.72,-1,0,0,2.17,67.16,156.05
68,2008,5,Karnataka,Mandya,89.29,0,0,0,5.94,79.67,174.9
68,2009,5,Karnataka,Mandya,79.89,0,0,0,4.07,65.59,149.55
69,1966,5,Karnataka,Hassan,0.4,0,0.1,0,0.1,-1,0.6
69,1967,5,Karnataka,Hassan,1.7,0,0,0,1.9,-1,3.6
69,1968,5,Karnataka,Hassan,0.4,0,0.2,0,2.5,-1,3.1
69,1969,5,Karnataka,Hassan,0.9,0.2,1.3,0,2,-1,4.4
69,1970,5,Karnataka,Hassan,2.4,0.2,1.3,0,3.1,-1,7
69,1971,5,Karnataka,Hassan,2.5,0.2,0.7,0,2.4,-1,5.8
69,1972,5,Karnataka,Hassan,8.4,0.2,0.9,0,3.4,-1,12.9
69,1973,5,Karnataka,Hassan,9.9,0.2,3.2,0,4.3,-1,17.6
69,1974,5,Karnataka,Hassan,7.8,0.4,6.8,0,5.4,-1,20.4
69,1975,5,Karnataka,Hassan,13.1,0.3,14.3,0,6.3,-1,34
69,1976,5,Karnataka,Hassan,9.9,0.2,3.6,0,2.8,-1,16.5
69,1977,5,Karnataka,Hassan,20.7,0.2,13.9,0,5.8,-1,40.6
69,1978,5,Karnataka,Hassan,26.9,0.1,9.8,0,5.5,-1,42.3
69,1979,5,Karnataka,Hassan,34.5,0,6.8,0,5.8,-1,47.1
69,1980,5,Karnataka,Hassan,40.8,0,10.7,0,8.1,-1,59.6
69,1981,5,Karnataka,Hassan,43.1,10,8.9,0,10,-1,72
69,1982,5,Karnataka,Hassan,40.7,0,9.3,0,7.6,-1,57.6
69,1983,5,Karnataka,Hassan,50.8,0,12.5,0,6.9,-1,70.2
69,1984,5,Karnataka,Hassan,50.4,0,10.6,0,5.4,-1,66.4
69,1985,5,Karnataka,Hassan,43.8,0,11.3,0,6,-1,61.1
69,1986,5,Karnataka,Hassan,50.8,0,15.1,0,8.3,-1,74.2
69,1987,5,Karnataka,Hassan,44,0,10.8,0,6.4,-1,61.2
69,1988,5,Karnataka,Hassan,40.4,0,9.7,0,3.4,-1,53.5
69,1989,5,Karnataka,Hassan,42.1,0,5.9,0,4.5,-1,52.5
69,1990,5,Karnataka,Hassan,38.68,0,5.35,0,3.83,112.43,160.29
69,1991,5,Karnataka,Hassan,48.25,0,7.34,0,5.02,132.78,193.39
69,1992,5,Karnataka,Hassan,49.5,0,5.78,0,5.59,130.64,191.51
69,1993,5,Karnataka,Hassan,46.78,0,4.8,0,4.31,130.13,186.02
69,1994,5,Karnataka,Hassan,57.6,0,10.27,0,6.41,138.63,212.91
69,1995,5,Karnataka,Hassan,52.54,0,2.78,0,5.58,109.41,170.31
69,1996,5,Karnataka,Hassan,57.5,0,3.4,0,5.15,126.38,192.43
69,1997,5,Karnataka,Hassan,61.69,0,3.53,0,4.82,120.63,190.67
69,1998,5,Karnataka,Hassan,62.21,0,0,0,0,0.59,62.8
69,1999,5,Karnataka,Hassan,63.28,0,0,0,0.21,0.73,64.22
69,2000,5,Karnataka,Hassan,60.82,0,1.66,0,14.75,128.58,205.81
69,2001,5,Karnataka,Hassan,47.13,0,1.23,0,15.11,112.68,176.15
69,2002,5,Karnataka,Hassan,41.92,0,6.62,0,19.16,112.18,179.88
69,2003,5,Karnataka,Hassan,32.2,0,4.44,0,21.92,138.86,197.42
69,2004,5,Karnataka,Hassan,44.25,0,3.01,0,30.07,105.61,182.94
69,2005,5,Karnataka,Hassan,44.78,0,2.53,0,32.23,101.97,181.51
69,2006,5,Karnataka,Hassan,46.43,0,5.28,0,41.18,80,172.89
69,2007,5,Karnataka,Hassan,46.66,-1,3.14,0,47.43,74.98,172.22
69,2008,5,Karnataka,Hassan,47.64,0,3.26,0,41.75,73.66,166.32
69,2009,5,Karnataka,Hassan,44.41,0,3.31,0,62.83,70.03,180.58
70,1966,5,Karnataka,Shimoge,4.1,0,0.6,0,0,-1,4.7
70,1967,5,Karnataka,Shimoge,7.4,0,1.4,0,1.9,-1,10.7
70,1968,5,Karnataka,Shimoge,16.2,0.1,3.4,0,0.7,-1,20.4
70,1969,5,Karnataka,Shimoge,29.4,0.5,11.3,0.1,0.6,-1,41.9
70,1970,5,Karnataka,Shimoge,34.9,0.2,17.4,0.2,1.2,-1,53.9
70,1971,5,Karnataka,Shimoge,36.8,0.1,16.5,0,0.7,-1,54.1
70,1972,5,Karnataka,Shimoge,23.4,0.1,24.7,0,0.6,-1,48.8
70,1973,5,Karnataka,Shimoge,57.5,0.4,36.8,0,0.5,-1,95.2
70,1974,5,Karnataka,Shimoge,69.3,0.6,34.7,0,1.1,-1,105.7
70,1975,5,Karnataka,Shimoge,91.9,1.2,40.1,0,2.5,-1,135.7
70,1976,5,Karnataka,Shimoge,70.5,0.3,18.7,0,2.7,-1,92.2
70,1977,5,Karnataka,Shimoge,98.7,0.6,47.2,0,2.1,-1,148.6
70,1978,5,Karnataka,Shimoge,100.3,0.3,31,0,1.1,-1,132.7
70,1979,5,Karnataka,Shimoge,119.5,0.1,25.3,0,1.3,-1,146.2
70,1980,5,Karnataka,Shimoge,120.4,0.3,32.7,0,1.2,-1,154.6
70,1981,5,Karnataka,Shimoge,127.2,0.3,24.6,0,1.2,-1,153.3
70,1982,5,Karnataka,Shimoge,140.6,0.2,26.3,0,1,-1,168.1
70,1983,5,Karnataka,Shimoge,149.2,0.1,25.9,0,2,-1,177.2
70,1984,5,Karnataka,Shimoge,148,0.1,21.9,0,1.6,-1,171.6
70,1985,5,Karnataka,Shimoge,128.6,0.1,23.3,0,1.7,-1,153.7
70,1986,5,Karnataka,Shimoge,149.2,0.1,31.3,0,2.4,-1,183
70,1987,5,Karnataka,Shimoge,129.3,0.1,22.3,0,1.9,-1,153.6
70,1988,5,Karnataka,Shimoge,124,0,24.1,0,7.9,-1,156
70,1989,5,Karnataka,Shimoge,126.2,0,23,0,6.9,-1,156.1
70,1990,5,Karnataka,Shimoge,128.57,0.01,20.02,0,8.6,32.63,189.83
70,1991,5,Karnataka,Shimoge,119.95,0.04,21.21,0,8.78,29.44,179.42
70,1992,5,Karnataka,Shimoge,147.72,0.01,23.54,0,15.2,29.97,216.44
70,1993,5,Karnataka,Shimoge,146.96,0,21.21,0,17.1,33.96,219.23
70,1994,5,Karnataka,Shimoge,150.17,0,16.36,0,16.12,25.23,207.88
70,1995,5,Karnataka,Shimoge,142.23,0,13.38,0,19.25,26.79,201.65
70,1996,5,Karnataka,Shimoge,147.54,0,16.11,0,33.05,26.05,222.75
70,1997,5,Karnataka,Shimoge,152.07,0,11.44,0,49.82,17.16,230.49
70,1998,5,Karnataka,Shimoge,88.51,0,0.06,0,0,0.09,88.66
70,1999,5,Karnataka,Shimoge,94.58,0,0.05,0,0.41,0.11,95.15
70,2000,5,Karnataka,Shimoge,115.82,0,1.47,0,18.67,5.39,141.35
70,2001,5,Karnataka,Shimoge,106.04,0,0.88,0,14.82,4.97,126.71
70,2002,5,Karnataka,Shimoge,99.05,0,0.89,0,26.63,5.32,131.89
70,2003,5,Karnataka,Shimoge,88.58,0,0.93,0,39.33,4.67,133.51
70,2004,5,Karnataka,Shimoge,101.44,0,0.67,0,60.14,2.72,164.97
70,2005,5,Karnataka,Shimoge,108.4,0,0.46,0,60.26,2.02,171.14
70,2006,5,Karnataka,Shimoge,107.71,0,0.42,0,58.54,2.17,168.84
70,2007,5,Karnataka,Shimoge,101.77,-1,0.34,0,42.77,1.93,146.8
70,2008,5,Karnataka,Shimoge,106.35,0,0.32,0,56.52,1.66,164.85
70,2009,5,Karnataka,Shimoge,108.87,0,0.56,0,68.94,1.56,179.93
71,1966,5,Karnataka,Chickmagalur,0.7,0,0,0,0,-1,0.7
71,1967,5,Karnataka,Chickmagalur,1.8,0,0.1,0,0.3,-1,2.2
71,1968,5,Karnataka,Chickmagalur,2.4,0,0.4,0,0.3,-1,3.1
71,1969,5,Karnataka,Chickmagalur,4.2,0.1,1.4,0,0.2,-1,5.9
71,1970,5,Karnataka,Chickmagalur,7,0.1,0.9,0,0.4,-1,8.4
71,1971,5,Karnataka,Chickmagalur,6.9,0.3,0.8,0,0.3,-1,8.3
71,1972,5,Karnataka,Chickmagalur,9.4,0.6,1.2,0,0.2,-1,11.4
71,1973,5,Karnataka,Chickmagalur,14.7,0.9,1.7,0,0.4,-1,17.7
71,1974,5,Karnataka,Chickmagalur,15.2,1.4,1.8,0,0.5,-1,18.9
71,1975,5,Karnataka,Chickmagalur,19.5,1.5,3.1,0,0.3,-1,24.4
71,1976,5,Karnataka,Chickmagalur,17.9,1.2,1.6,0,0.4,-1,21.1
71,1977,5,Karnataka,Chickmagalur,27.6,2,4.2,0,0.6,-1,34.4
71,1978,5,Karnataka,Chickmagalur,31.5,2.2,4.6,0,0.6,-1,38.9
71,1979,5,Karnataka,Chickmagalur,36.6,2,4.7,0,0.7,-1,44
71,1980,5,Karnataka,Chickmagalur,37.7,0.9,5.9,0,0.9,-1,45.4
71,1981,5,Karnataka,Chickmagalur,44.7,1.3,11.5,0,4,-1,61.5
71,1982,5,Karnataka,Chickmagalur,46,0.7,7.4,0,0.4,-1,54.5
71,1983,5,Karnataka,Chickmagalur,47.7,0.7,6.3,0,0.1,-1,54.8
71,1984,5,Karnataka,Chickmagalur,47.3,0.8,5.3,0,0.1,-1,53.5
71,1985,5,Karnataka,Chickmagalur,41.1,0.6,5.7,0,0.1,-1,47.5
71,1986,5,Karnataka,Chickmagalur,47.7,0.6,7.6,0,0.1,-1,56
71,1987,5,Karnataka,Chickmagalur,41.3,0.5,5.4,0,0.1,-1,47.3
71,1988,5,Karnataka,Chickmagalur,34.1,0,7.2,0,0.4,-1,41.7
71,1989,5,Karnataka,Chickmagalur,36.7,0,11,0,0.4,-1,48.1
71,1990,5,Karnataka,Chickmagalur,33.7,0.11,13.6,0,0.32,60.14,107.87
71,1991,5,Karnataka,Chickmagalur,34.3,0.06,13.02,0,0.47,57.19,105.04
71,1992,5,Karnataka,Chickmagalur,36.68,0.12,16.5,0,0.39,60.34,114.03
71,1993,5,Karnataka,Chickmagalur,37.91,0.07,15.2,0,0.37,51.6,105.15
71,1994,5,Karnataka,Chickmagalur,39.52,0.07,12.45,0,0.33,54.8,107.17
71,1995,5,Karnataka,Chickmagalur,34.24,0.03,10.27,0,0.28,63.76,108.58
71,1996,5,Karnataka,Chickmagalur,35.35,0.03,12.88,0,0.62,57.79,106.67
71,1997,5,Karnataka,Chickmagalur,37.84,0,9.29,0,0.34,53.7,101.17
71,1998,5,Karnataka,Chickmagalur,13.1,0,0,0,0,0,13.1
71,1999,5,Karnataka,Chickmagalur,17.42,0,0,0,0,0,17.42
71,2000,5,Karnataka,Chickmagalur,39.67,0,3.7,0,0.37,65.13,108.87
71,2001,5,Karnataka,Chickmagalur,37.77,0,5.68,0,0.51,61.35,105.31
71,2002,5,Karnataka,Chickmagalur,34.56,0,7.01,0,0.81,57.76,100.14
71,2003,5,Karnataka,Chickmagalur,27.85,0,12.28,0,0.64,59.87,100.64
71,2004,5,Karnataka,Chickmagalur,33.06,0,10.38,0,0.25,57.89,101.58
71,2005,5,Karnataka,Chickmagalur,30.47,0.01,10.37,0,2.08,60.72,103.64
71,2006,5,Karnataka,Chickmagalur,31.38,0.01,8.55,0,2.33,52.43,94.7
71,2007,5,Karnataka,Chickmagalur,31.08,-1,7.85,0,4.21,52.13,95.27
71,2008,5,Karnataka,Chickmagalur,33.96,0,8.36,0,4.64,58.97,105.92
71,2009,5,Karnataka,Chickmagalur,35.16,0,8.95,0,10.5,52.35,106.96
72,1966,5,Karnataka,Chitradurga,1.7,0,0.6,0,0,-1,2.3
72,1967,5,Karnataka,Chitradurga,2,0,1.4,0,1.2,-1,4.6
72,1968,5,Karnataka,Chitradurga,5.2,0.1,5.9,0,1.3,-1,12.5
72,1969,5,Karnataka,Chitradurga,12.5,2.8,13.3,0.6,0.9,-1,30.1
72,1970,5,Karnataka,Chitradurga,25.3,1.6,26.7,1.3,1.1,-1,56
72,1971,5,Karnataka,Chitradurga,22.7,1.3,33.2,1.1,1.1,-1,59.4
72,1972,5,Karnataka,Chitradurga,17.6,1.6,44.8,0.9,0.9,-1,65.8
72,1973,5,Karnataka,Chitradurga,35.9,2.8,73.4,1.4,1.1,-1,114.6
72,1974,5,Karnataka,Chitradurga,36.6,3.3,68.7,1.7,1.2,-1,111.5
72,1975,5,Karnataka,Chitradurga,49,3.7,84.2,3,2.8,-1,142.7
72,1976,5,Karnataka,Chitradurga,28.3,1.8,33.7,0.2,4.5,-1,68.5
72,1977,5,Karnataka,Chitradurga,50.2,3.5,81.8,2.6,3.8,-1,141.9
72,1978,5,Karnataka,Chitradurga,43.3,2.5,48.1,5,5.7,-1,104.6
72,1979,5,Karnataka,Chitradurga,38.7,1.5,25.6,2.9,9.4,-1,78.1
72,1980,5,Karnataka,Chitradurga,45.1,1.9,62.3,2.3,13.8,-1,125.4
72,1981,5,Karnataka,Chitradurga,49.5,2,30.8,3.6,10.8,-1,96.7
72,1982,5,Karnataka,Chitradurga,45.9,2.6,48.3,1.2,8.7,-1,106.7
72,1983,5,Karnataka,Chitradurga,46.2,2.1,36.6,2,14.9,-1,101.8
72,1984,5,Karnataka,Chitradurga,45.8,2.4,30.9,1.5,11.6,-1,92.2
72,1985,5,Karnataka,Chitradurga,39.8,1.7,33,1.4,12.9,-1,88.8
72,1986,5,Karnataka,Chitradurga,46.2,1.8,44.2,1.7,17.8,-1,111.7
72,1987,5,Karnataka,Chitradurga,40,1.4,31.6,1.8,13.8,-1,88.6
72,1988,5,Karnataka,Chitradurga,50.8,0.3,42,1.3,28,-1,122.4
72,1989,5,Karnataka,Chitradurga,51,0.4,34.8,0.6,24.1,-1,110.9
72,1990,5,Karnataka,Chitradurga,54.95,0.51,44.39,0.37,25.38,101.72,227.32
72,1991,5,Karnataka,Chitradurga,39.44,0.35,51.16,0.5,34.52,85.98,211.95
72,1992,5,Karnataka,Chitradurga,69.88,0.47,49.91,0.47,55.49,81,257.22
72,1993,5,Karnataka,Chitradurga,73.12,0.32,49.99,0.41,42.11,84.38,250.33
72,1994,5,Karnataka,Chitradurga,72.87,0.11,36.84,0.24,48.03,71.8,229.89
72,1995,5,Karnataka,Chitradurga,71.6,0.11,25.97,0.26,46.58,81.9,226.42
72,1996,5,Karnataka,Chitradurga,76.55,0.33,40.73,0.42,64.12,77.29,259.44
72,1997,5,Karnataka,Chitradurga,72.59,0,34.92,1.59,104.91,57.38,271.39
72,1998,5,Karnataka,Chitradurga,125.46,0,11.04,0,18.3,5.61,160.41
72,1999,5,Karnataka,Chitradurga,130.88,0,10.34,0.01,19.84,5.7,166.77
72,2000,5,Karnataka,Chitradurga,130.85,0,57.07,0.54,174.82,104.02,467.3
72,2001,5,Karnataka,Chitradurga,117.73,0,50.48,0.33,170.12,98.7,437.36
72,2002,5,Karnataka,Chitradurga,83.96,0,52.26,0.44,178.14,92.23,407.03
72,2003,5,Karnataka,Chitradurga,67.73,1,67.2,1.52,134.85,103.61,375.91
72,2004,5,Karnataka,Chitradurga,111.06,0,61.17,3.91,223.34,67.06,466.54
72,2005,5,Karnataka,Chitradurga,141.15,1.15,56.98,2.38,204.96,82.23,488.85
72,2006,5,Karnataka,Chitradurga,132.79,1.16,52.85,0.99,241.61,60.85,490.23
72,2007,5,Karnataka,Chitradurga,84.49,-1,46.21,0.87,222.38,68.08,422.03
72,2008,5,Karnataka,Chitradurga,138.86,1.18,46.09,0.61,240.11,85.41,512.27
72,2009,5,Karnataka,Chitradurga,148.53,1.21,44.89,0.68,258.61,65.46,519.38
73,1966,5,Karnataka,Bellary,4.1,0,2.3,0,0.1,-1,6.5
73,1967,5,Karnataka,Bellary,9.7,0,3.1,1.8,1.4,-1,16
73,1968,5,Karnataka,Bellary,9.7,0.3,11.6,4.4,3.2,-1,29.2
73,1969,5,Karnataka,Bellary,17.1,1.3,20.5,3.9,2.9,-1,45.7
73,1970,5,Karnataka,Bellary,16.3,1.7,31,5.4,1.2,-1,55.6
73,1971,5,Karnataka,Bellary,17,2.1,39.1,6,1.3,-1,65.5
73,1972,5,Karnataka,Bellary,15.1,6.3,48.3,15,1.8,-1,86.5
73,1973,5,Karnataka,Bellary,18.7,9.2,50.3,22.6,1.9,-1,102.7
73,1974,5,Karnataka,Bellary,21.4,14.6,68.9,24.1,3.1,-1,132.1
73,1975,5,Karnataka,Bellary,31.2,15.7,74.9,36.7,9.1,-1,167.6
73,1976,5,Karnataka,Bellary,21,9.2,26.9,26.6,13.1,-1,96.8
73,1977,5,Karnataka,Bellary,27.6,12.8,96.8,21.2,16.7,-1,175.1
73,1978,5,Karnataka,Bellary,31,14.5,89,27,15.6,-1,177.1
73,1979,5,Karnataka,Bellary,27.6,11,57.7,18.2,14,-1,128.5
73,1980,5,Karnataka,Bellary,29.9,11.5,94.3,17.3,15,-1,168
73,1981,5,Karnataka,Bellary,35.6,5.5,50.5,20.1,12.3,-1,124
73,1982,5,Karnataka,Bellary,33.6,4,80.2,16,8.7,-1,142.5
73,1983,5,Karnataka,Bellary,34.9,3.8,64.6,14.5,6,-1,123.8
73,1984,5,Karnataka,Bellary,34.6,4.4,54.5,10.9,4.7,-1,109.1
73,1985,5,Karnataka,Bellary,30.1,3,58.2,10.4,5.2,-1,106.9
73,1986,5,Karnataka,Bellary,34.9,3.3,78,12.4,7.2,-1,135.8
73,1987,5,Karnataka,Bellary,30.2,2.6,55.7,12.8,5.6,-1,106.9
73,1988,5,Karnataka,Bellary,43.7,1.5,85.8,17.1,19.3,-1,167.4
73,1989,5,Karnataka,Bellary,37.9,1.3,84.3,18.5,26.6,-1,168.6
73,1990,5,Karnataka,Bellary,41.64,1.6,128.76,11.06,21.69,23.68,228.43
73,1991,5,Karnataka,Bellary,42.1,1.16,123.22,9.41,29.25,18.8,223.94
73,1992,5,Karnataka,Bellary,49.3,0.79,140.44,10.57,32.23,20.25,253.58
73,1993,5,Karnataka,Bellary,53.49,2.02,116.39,5.67,27.37,20.18,225.12
73,1994,5,Karnataka,Bellary,58.9,2.33,108.43,8.72,39.93,20.18,238.49
73,1995,5,Karnataka,Bellary,54.85,1.49,97.26,13.06,43.96,30.29,240.91
73,1996,5,Karnataka,Bellary,55.9,2.1,109.54,13.44,56.87,23.83,261.68
73,1997,5,Karnataka,Bellary,57.69,0,76.46,10.35,74.31,17.22,236.03
73,1998,5,Karnataka,Bellary,68.77,0,19.52,3.23,21.75,0.4,113.67
73,1999,5,Karnataka,Bellary,79.3,0,25.09,4.06,31.45,0.1,140
73,2000,5,Karnataka,Bellary,84.05,0,91.07,22.74,53.28,5.35,256.49
73,2001,5,Karnataka,Bellary,83.63,0,77.97,15.54,44.85,5.85,227.84
73,2002,5,Karnataka,Bellary,71.3,0,56.5,12.44,59.88,6.35,206.47
73,2003,5,Karnataka,Bellary,56.98,1,51.72,25.79,61.05,10.12,206.67
73,2004,5,Karnataka,Bellary,66.81,0,84.09,17.98,53.78,5.79,228.45
73,2005,5,Karnataka,Bellary,102.81,1.22,77.69,20.56,71.6,6.66,280.55
73,2006,5,Karnataka,Bellary,105.92,0.89,55.15,17,81.24,3.77,263.97
73,2007,5,Karnataka,Bellary,117.85,-1,60.97,17.86,96.19,3.83,296.7
73,2008,5,Karnataka,Bellary,122.72,1.27,56.17,13.4,87.46,3.7,284.72
73,2009,5,Karnataka,Bellary,120.41,1.17,55.44,14.08,100.52,3.45,295.09
74,1966,5,Karnataka,Dharwad,0.3,0.1,11.4,0,0,-1,11.8
74,1967,5,Karnataka,Dharwad,2.2,2.8,26.5,0.1,0,-1,31.6
74,1968,5,Karnataka,Dharwad,1,2.4,40.4,0.1,0,-1,43.9
74,1969,5,Karnataka,Dharwad,1.2,3.3,49.7,0.2,0,-1,54.4
74,1970,5,Karnataka,Dharwad,1.4,2.5,48.2,0.2,0.2,-1,52.5
74,1971,5,Karnataka,Dharwad,4.6,3.2,71,0.2,0,-1,79
74,1972,5,Karnataka,Dharwad,4.6,4.1,83.5,0.3,0.3,-1,92.8
74,1973,5,Karnataka,Dharwad,6.4,4.3,102.3,0.4,0.6,-1,114
74,1974,5,Karnataka,Dharwad,13.1,8,109.1,0.7,1.1,-1,132
74,1975,5,Karnataka,Dharwad,17.9,2,127.6,1.5,2,-1,151
74,1976,5,Karnataka,Dharwad,38.6,9.9,77.8,0.3,2.2,-1,128.8
74,1977,5,Karnataka,Dharwad,23.9,12.3,136.9,0.7,1.8,-1,175.6
74,1978,5,Karnataka,Dharwad,27.9,10.7,144.5,0.4,3,-1,186.5
74,1979,5,Karnataka,Dharwad,52.8,10.2,120,0.2,3,-1,186.2
74,1980,5,Karnataka,Dharwad,43.5,9.6,122.9,0.3,7.7,-1,184
74,1981,5,Karnataka,Dharwad,43,11.2,119.6,0.1,10.8,-1,184.7
74,1982,5,Karnataka,Dharwad,51.4,11.8,137.6,0.6,11.3,-1,212.7
74,1983,5,Karnataka,Dharwad,49.6,13.5,129.9,0.3,13.9,-1,207.2
74,1984,5,Karnataka,Dharwad,49.2,15.6,109.6,0.2,10.8,-1,185.4
74,1985,5,Karnataka,Dharwad,42.8,10.7,116.9,0.2,12,-1,182.6
74,1986,5,Karnataka,Dharwad,49.6,11.8,156.8,0.3,16.6,-1,235.1
74,1987,5,Karnataka,Dharwad,43,9.1,112,0.3,12.9,-1,177.3
74,1988,5,Karnataka,Dharwad,29.7,17.1,87.8,2.4,19.9,-1,156.9
74,1989,5,Karnataka,Dharwad,40.3,13.7,85.8,0.9,22.1,-1,162.8
74,1990,5,Karnataka,Dharwad,35.74,12.97,93.61,0.7,27.66,8.66,179.34
74,1991,5,Karnataka,Dharwad,38.82,15.01,98.38,0.91,35.72,8.34,197.18
74,1992,5,Karnataka,Dharwad,34.03,19.22,98.57,0.93,32.67,6.48,191.9
74,1993,5,Karnataka,Dharwad,36.64,19.75,87.15,2.14,42.05,7.37,195.1
74,1994,5,Karnataka,Dharwad,38.92,18.52,71.36,1.51,50.68,5.89,186.88
74,1995,5,Karnataka,Dharwad,41.99,10.41,51.21,0.39,56.96,4.69,165.65
74,1996,5,Karnataka,Dharwad,34.87,17.76,59.19,0.62,73.62,4.5,190.56
74,1997,5,Karnataka,Dharwad,37.12,0,50.1,1.03,111.1,4.02,203.37
74,1998,5,Karnataka,Dharwad,24.03,0,6.26,0,40.21,0,70.5
74,1999,5,Karnataka,Dharwad,26.93,0,7.17,0,46.33,0,80.43
74,2000,5,Karnataka,Dharwad,42.51,0,47.26,0.85,133.44,1.63,225.69
74,2001,5,Karnataka,Dharwad,50.65,0,35.92,1.83,101.51,1.45,191.36
74,2002,5,Karnataka,Dharwad,44.96,0,39.19,0.84,137.49,1.27,223.75
74,2003,5,Karnataka,Dharwad,28.95,10,27.97,1.53,126.71,2.33,197.5
74,2004,5,Karnataka,Dharwad,36.68,0,43.25,0.63,176.93,1.06,258.55
74,2005,5,Karnataka,Dharwad,30.75,17.82,35.59,1.79,221.53,1.31,308.79
74,2006,5,Karnataka,Dharwad,35.07,18.98,29.97,0.06,194.68,1.18,279.95
74,2007,5,Karnataka,Dharwad,32.36,-1,33.23,1.16,224.32,0.7,291.76
74,2008,5,Karnataka,Dharwad,36.83,14.19,24.81,1.42,194.35,0.64,272.24
74,2009,5,Karnataka,Dharwad,37.93,17.1,24.45,1.74,226.12,0.55,307.91
75,1966,5,Karnataka,Belgaum,0.1,0.3,2,0.2,5.5,-1,8.1
75,1967,5,Karnataka,Belgaum,1.2,5,3.8,1.3,10.8,-1,22.1
75,1968,5,Karnataka,Belgaum,1.2,8.8,7.1,0.4,16.5,-1,34
75,1969,5,Karnataka,Belgaum,2,10,8.7,0.2,14.4,-1,35.3
75,1970,5,Karnataka,Belgaum,2.8,12.3,9.4,0.3,13.4,-1,38.2
75,1971,5,Karnataka,Belgaum,2.8,12.4,10.9,0.6,14.8,-1,41.5
75,1972,5,Karnataka,Belgaum,0.4,11.4,11.1,0.2,13.3,-1,36.4
75,1973,5,Karnataka,Belgaum,5.1,15.3,12.4,0.4,21.6,-1,54.8
75,1974,5,Karnataka,Belgaum,6.8,23.9,16.5,0.8,30.1,-1,78.1
75,1975,5,Karnataka,Belgaum,10.5,26.4,25.7,1.6,40.1,-1,104.3
75,1976,5,Karnataka,Belgaum,13,25.9,19.4,0.6,40.9,-1,99.8
75,1977,5,Karnataka,Belgaum,13.8,29.5,36.1,1,42.2,-1,122.6
75,1978,5,Karnataka,Belgaum,18.5,30,46.5,1,42.3,-1,138.3
75,1979,5,Karnataka,Belgaum,20.5,30.1,54.3,1.4,47.2,-1,153.5
75,1980,5,Karnataka,Belgaum,23.1,24.8,57.9,3.1,44.2,-1,153.1
75,1981,5,Karnataka,Belgaum,23.9,30.4,72.1,1.8,52.8,-1,181
75,1982,5,Karnataka,Belgaum,29.7,33.9,77.9,1.7,50.4,-1,193.6
75,1983,5,Karnataka,Belgaum,34.3,34.3,80.8,7.5,50.5,-1,207.4
75,1984,5,Karnataka,Belgaum,34,39.7,68.2,5.6,39.2,-1,186.7
75,1985,5,Karnataka,Belgaum,29.6,27.1,72.7,5.4,43.7,-1,178.5
75,1986,5,Karnataka,Belgaum,34.3,30.1,97.5,6.4,60.4,-1,228.7
75,1987,5,Karnataka,Belgaum,29.7,23.2,69.7,6.6,46.7,-1,175.9
75,1988,5,Karnataka,Belgaum,31.4,16.7,79.5,9.1,63.8,-1,200.5
75,1989,5,Karnataka,Belgaum,32.7,11.4,80.2,7.1,64,-1,195.4
75,1990,5,Karnataka,Belgaum,26.49,12.49,83.38,2.98,60.41,0.64,186.39
75,1991,5,Karnataka,Belgaum,23.5,12.92,79.21,8.06,63.22,0.69,187.6
75,1992,5,Karnataka,Belgaum,29.09,11.08,87.58,7.23,62.77,0.2,197.95
75,1993,5,Karnataka,Belgaum,35.75,21.74,88.64,9.96,77.74,0.31,234.14
75,1994,5,Karnataka,Belgaum,32.61,19.51,76.59,9.95,72.02,0.52,211.2
75,1995,5,Karnataka,Belgaum,21.9,17.91,58,7.89,77.13,0.25,183.08
75,1996,5,Karnataka,Belgaum,29.05,12.05,68.99,8.54,88.41,1.21,208.25
75,1997,5,Karnataka,Belgaum,28.13,0,44.97,9.98,79.94,0.39,163.41
75,1998,5,Karnataka,Belgaum,4,0,8.48,0.59,97.5,0,110.57
75,1999,5,Karnataka,Belgaum,3.96,0,9.95,0.76,103.36,0,118.03
75,2000,5,Karnataka,Belgaum,31.94,0,55.07,19.9,105.59,0.63,213.13
75,2001,5,Karnataka,Belgaum,35.96,0,45.15,5.53,88.49,0.73,175.86
75,2002,5,Karnataka,Belgaum,31.31,0,50.49,14.44,86.49,0.4,183.13
75,2003,5,Karnataka,Belgaum,40.88,20,60.24,4.05,60.89,0.54,186.59
75,2004,5,Karnataka,Belgaum,45.17,0,85.12,33.59,116.56,0.36,280.8
75,2005,5,Karnataka,Belgaum,45.29,31.23,71.14,22.8,133.25,0.48,304.19
75,2006,5,Karnataka,Belgaum,44.97,55.1,66.57,25.68,126.15,0.29,318.76
75,2007,5,Karnataka,Belgaum,46.24,-1,102.01,26.13,148.28,0.33,323
75,2008,5,Karnataka,Belgaum,47.5,37.62,116.1,11.73,136.93,0.31,350.19
75,2009,5,Karnataka,Belgaum,52.31,38.95,117.88,15.4,155.89,0.89,381.32
76,1966,5,Karnataka,Bijapur / Vijayapura,0,0.1,1.4,0.2,4.2,-1,5.9
76,1967,5,Karnataka,Bijapur / Vijayapura,0,2.2,1.2,1.1,3.4,-1,7.9
76,1968,5,Karnataka,Bijapur / Vijayapura,0,5.4,0.8,2.6,6.8,-1,15.6
76,1969,5,Karnataka,Bijapur / Vijayapura,0,9.2,2.6,6.1,6.8,-1,24.7
76,1970,5,Karnataka,Bijapur / Vijayapura,0,13.2,4.5,9.1,8.4,-1,35.2
76,1971,5,Karnataka,Bijapur / Vijayapura,0,13.3,5.4,14.9,8.4,-1,42
76,1972,5,Karnataka,Bijapur / Vijayapura,0,12.2,1.9,3.2,9.5,-1,26.8
76,1973,5,Karnataka,Bijapur / Vijayapura,0,14.2,4.8,12.9,17.9,-1,49.8
76,1974,5,Karnataka,Bijapur / Vijayapura,0,36.1,6.1,10.1,11.2,-1,63.5
76,1975,5,Karnataka,Bijapur / Vijayapura,0,35.2,18.1,77.6,18.4,-1,149.3
76,1976,5,Karnataka,Bijapur / Vijayapura,0,36.2,14.4,47.8,17.7,-1,116.1
76,1977,5,Karnataka,Bijapur / Vijayapura,0,39.3,14.9,58.3,21.2,-1,133.7
76,1978,5,Karnataka,Bijapur / Vijayapura,0,40.1,15.9,64.9,31.1,-1,152
76,1979,5,Karnataka,Bijapur / Vijayapura,0,47,9.8,14.5,28.7,-1,100
76,1980,5,Karnataka,Bijapur / Vijayapura,0,28.9,17.5,25.3,24.3,-1,96
76,1981,5,Karnataka,Bijapur / Vijayapura,0,57.6,22,149.4,23.1,-1,252.1
76,1982,5,Karnataka,Bijapur / Vijayapura,0,40.7,18.9,105,26.5,-1,191.1
76,1983,5,Karnataka,Bijapur / Vijayapura,0,27.7,21.2,117,28.7,-1,194.6
76,1984,5,Karnataka,Bijapur / Vijayapura,0,32.1,17.9,88,22.3,-1,160.3
76,1985,5,Karnataka,Bijapur / Vijayapura,0,21.9,19.1,84.3,24.8,-1,150.1
76,1986,5,Karnataka,Bijapur / Vijayapura,0,24.3,25.6,99.7,34.3,-1,183.9
76,1987,5,Karnataka,Bijapur / Vijayapura,0,18.7,18.3,103.5,26.6,-1,167.1
76,1988,5,Karnataka,Bijapur / Vijayapura,0,18.1,19.7,109.3,45.6,-1,192.7
76,1989,5,Karnataka,Bijapur / Vijayapura,0,18.8,23.1,148,44.3,-1,234.2
76,1990,5,Karnataka,Bijapur / Vijayapura,0.03,16.44,33.94,108.75,49.2,0,208.36
76,1991,5,Karnataka,Bijapur / Vijayapura,0,16.48,25.87,113.1,50.02,0,205.47
76,1992,5,Karnataka,Bijapur / Vijayapura,0.01,18.49,24.77,117.9,48.91,0,210.08
76,1993,5,Karnataka,Bijapur / Vijayapura,0,22.88,24.25,67.58,50.24,0,164.95
76,1994,5,Karnataka,Bijapur / Vijayapura,0,23.91,15.58,80.06,46.76,0,166.31
76,1995,5,Karnataka,Bijapur / Vijayapura,0.01,20.31,23.62,128.64,50.45,0,223.03
76,1996,5,Karnataka,Bijapur / Vijayapura,0,22.34,16.56,149.33,50.58,0,238.81
76,1997,5,Karnataka,Bijapur / Vijayapura,0,0,8.55,90.8,56.02,0,155.37
76,1998,5,Karnataka,Bijapur / Vijayapura,0,0,7.05,16.03,55.53,0,78.61
76,1999,5,Karnataka,Bijapur / Vijayapura,0,0,7.86,18.49,65.38,0,91.73
76,2000,5,Karnataka,Bijapur / Vijayapura,0,0,12.17,152.88,67.82,0,232.87
76,2001,5,Karnataka,Bijapur / Vijayapura,0.13,0,244.32,25.47,48.66,0,318.58
76,2002,5,Karnataka,Bijapur / Vijayapura,0.07,0,458.41,79.45,43.46,0,581.39
76,2003,5,Karnataka,Bijapur / Vijayapura,0.06,69,353.93,52.12,37.4,0,512.52
76,2004,5,Karnataka,Bijapur / Vijayapura,0.06,0,389.25,148.58,70.46,0,608.35
76,2005,5,Karnataka,Bijapur / Vijayapura,0.19,72.19,368.54,127.42,82.5,0,650.84
76,2006,5,Karnataka,Bijapur / Vijayapura,0.13,83.18,348.5,134.85,82.42,0,649.08
76,2007,5,Karnataka,Bijapur / Vijayapura,0.08,-1,355.88,167.41,123.38,0,646.74
76,2008,5,Karnataka,Bijapur / Vijayapura,0.1,89.84,358.9,55.19,112.78,0,616.8
76,2009,5,Karnataka,Bijapur / Vijayapura,0.16,106.27,308.5,105.67,146.59,0,667.18
77,1966,5,Karnataka,Bidar,0,0.2,0.4,0.1,0.1,-1,0.8
77,1967,5,Karnataka,Bidar,0,0.4,0.6,0,0.1,-1,1.1
77,1968,5,Karnataka,Bidar,0,0.3,1.2,0.3,0.1,-1,1.9
77,1969,5,Karnataka,Bidar,0,1.4,1.8,0.3,0.1,-1,3.6
77,1970,5,Karnataka,Bidar,0.1,2.3,6,0.5,0.1,-1,9
77,1971,5,Karnataka,Bidar,0.5,3.4,9.3,0.4,0.2,-1,13.8
77,1972,5,Karnataka,Bidar,0.9,1.6,8.7,0.3,0.2,-1,11.7
77,1973,5,Karnataka,Bidar,1.1,6.7,5.6,0.3,0.4,-1,14.1
77,1974,5,Karnataka,Bidar,3.7,8.2,23,2.4,2.5,-1,39.8
77,1975,5,Karnataka,Bidar,5.7,10.1,46.3,1,1,-1,64.1
77,1976,5,Karnataka,Bidar,3.4,12.6,56.2,0.8,0.9,-1,73.9
77,1977,5,Karnataka,Bidar,2.4,10.6,53.3,0.8,0.6,-1,67.7
77,1978,5,Karnataka,Bidar,4.2,11.7,49.6,0.4,1,-1,66.9
77,1979,5,Karnataka,Bidar,3.9,12.4,51.7,0.6,0.8,-1,69.4
77,1980,5,Karnataka,Bidar,5.5,12,33.1,0.7,1.7,-1,53
77,1981,5,Karnataka,Bidar,4.7,15.8,43.1,0.8,1.7,-1,66.1
77,1982,5,Karnataka,Bidar,2.8,17.2,42.9,4,1.1,-1,68
77,1983,5,Karnataka,Bidar,2.5,19.4,40.4,4.6,0.2,-1,67.1
77,1984,5,Karnataka,Bidar,2.5,22.5,34.1,3.5,0.2,-1,62.8
77,1985,5,Karnataka,Bidar,2.2,15.3,36.4,3.3,0.2,-1,57.4
77,1986,5,Karnataka,Bidar,2.5,17,48.8,3.9,0.2,-1,72.4
77,1987,5,Karnataka,Bidar,2.2,13.1,34.8,4.1,0.2,-1,54.4
77,1988,5,Karnataka,Bidar,1.3,3.6,26.7,2.6,0.3,-1,34.5
77,1989,5,Karnataka,Bidar,0.9,3.5,37.7,2.3,0.3,-1,44.7
77,1990,5,Karnataka,Bidar,1.53,3.86,40.61,1.79,0.03,0,47.82
77,1991,5,Karnataka,Bidar,0.47,1.56,46.56,2.26,0.06,0,50.91
77,1992,5,Karnataka,Bidar,1.2,1.2,57.3,0.61,0.28,0,60.59
77,1993,5,Karnataka,Bidar,0.94,0.99,51.96,2.11,0.2,0,56.2
77,1994,5,Karnataka,Bidar,0,0.9,45.74,6.2,0.08,0,52.92
77,1995,5,Karnataka,Bidar,1.7,1.34,55.04,9.42,0.19,0,67.69
77,1996,5,Karnataka,Bidar,0.29,1.85,46.52,9.48,0.09,0,58.23
77,1997,5,Karnataka,Bidar,1.17,0,48.01,8.91,0.1,0,58.19
77,1998,5,Karnataka,Bidar,0.15,0,0,0,0.11,0,0.26
77,1999,5,Karnataka,Bidar,0.2,0,0,0,0.06,0,0.26
77,2000,5,Karnataka,Bidar,0.52,0,56.62,5.11,0.07,0,62.32
77,2001,5,Karnataka,Bidar,0,0,51.21,4.91,0.07,0,56.19
77,2002,5,Karnataka,Bidar,0,0,45.06,4.57,0.08,0,49.71
77,2003,5,Karnataka,Bidar,0,2,43.83,7.07,0.11,0,53.01
77,2004,5,Karnataka,Bidar,0,0,47.57,6.19,0.03,0,53.79
77,2005,5,Karnataka,Bidar,0.14,1.67,44.49,5.25,0.08,0,51.63
77,2006,5,Karnataka,Bidar,0.04,1.7,45.15,5.03,0.1,0,52.02
77,2007,5,Karnataka,Bidar,0.04,-1,46.65,5.4,0.09,0,52.19
77,2008,5,Karnataka,Bidar,0,1.25,45.28,5.36,0.04,0,51.93
77,2009,5,Karnataka,Bidar,0.05,0.78,38.87,6.93,0,0,46.63
78,1966,5,Karnataka,Raichur,2.4,0.2,1.7,0.1,0.2,-1,4.6
78,1967,5,Karnataka,Raichur,6.7,0.9,3.4,3.1,2.1,-1,16.2
78,1968,5,Karnataka,Raichur,20,5.7,4.1,6.5,0.4,-1,36.7
78,1969,5,Karnataka,Raichur,26.3,2.5,5.8,8.2,0.7,-1,43.5
78,1970,5,Karnataka,Raichur,18,3.2,7.8,10.1,1.1,-1,40.2
78,1971,5,Karnataka,Raichur,19.8,5.3,5.8,7.9,1.1,-1,39.9
78,1972,5,Karnataka,Raichur,12.4,11.4,19.1,9.7,2.3,-1,54.9
78,1973,5,Karnataka,Raichur,23.4,4.4,11.5,15.8,4,-1,59.1
78,1974,5,Karnataka,Raichur,25.1,9.5,21.3,18.7,3.5,-1,78.1
78,1975,5,Karnataka,Raichur,60.6,13.8,26.8,27.1,7.2,-1,135.5
78,1976,5,Karnataka,Raichur,45.2,8.6,37,34.9,7.5,-1,133.2
78,1977,5,Karnataka,Raichur,52,10.8,32.8,38.3,7.8,-1,141.7
78,1978,5,Karnataka,Raichur,56.1,10.7,28,59.1,9.1,-1,163
78,1979,5,Karnataka,Raichur,60.1,13.8,23.9,48.3,7.5,-1,153.6
78,1980,5,Karnataka,Raichur,64,5.8,28,43.5,14.1,-1,155.4
78,1981,5,Karnataka,Raichur,70.8,4.8,41.6,57.7,8.1,-1,183
78,1982,5,Karnataka,Raichur,55,4.1,26.3,67.1,9.4,-1,161.9
78,1983,5,Karnataka,Raichur,77.5,3.2,81.6,91.9,8.9,-1,263.1
78,1984,5,Karnataka,Raichur,76.9,3.7,68.9,69.2,6.9,-1,225.6
78,1985,5,Karnataka,Raichur,66.8,2.5,73.5,66.2,7.7,-1,216.7
78,1986,5,Karnataka,Raichur,77.5,2.8,98.5,78.3,10.7,-1,267.8
78,1987,5,Karnataka,Raichur,67.2,2.2,70.3,81.3,8.2,-1,229.2
78,1988,5,Karnataka,Raichur,109.3,1.1,43.6,76.7,8.1,-1,238.8
78,1989,5,Karnataka,Raichur,80.9,1.9,80,94.4,8.9,-1,266.1
78,1990,5,Karnataka,Raichur,105.39,1.42,110.13,75.14,6.46,0,298.54
78,1991,5,Karnataka,Raichur,120.66,0.91,108.21,75.01,5.54,0,310.33
78,1992,5,Karnataka,Raichur,142.84,1.18,106.38,77.45,7.13,0,334.98
78,1993,5,Karnataka,Raichur,161.77,1.24,42.42,70.64,5.81,0,281.88
78,1994,5,Karnataka,Raichur,140.57,3.03,109.06,68.2,8.21,0,329.07
78,1995,5,Karnataka,Raichur,144.73,1.71,51.88,98.79,7.54,0,304.65
78,1996,5,Karnataka,Raichur,153.67,3.32,71.16,96.97,10.62,0,335.74
78,1997,5,Karnataka,Raichur,169.76,0,63.96,66.8,10.59,0,311.11
78,1998,5,Karnataka,Raichur,181.52,0,8.32,4.36,15.86,0,210.06
78,1999,5,Karnataka,Raichur,219.57,0,28.77,2.91,11.58,0,262.83
78,2000,5,Karnataka,Raichur,209.66,0,91.8,132.06,11.92,0,445.44
78,2001,5,Karnataka,Raichur,192.88,0,79.87,80.1,10.82,0,363.67
78,2002,5,Karnataka,Raichur,127.12,0,101.93,114.26,11.56,0,354.87
78,2003,5,Karnataka,Raichur,114.65,1,113.79,114.32,16.12,0,359.88
78,2004,5,Karnataka,Raichur,166.6,0,112.69,148.16,17.01,0,444.46
78,2005,5,Karnataka,Raichur,253.13,1.64,95.67,162.75,17.03,0,530.23
78,2006,5,Karnataka,Raichur,212.36,3.25,98.49,113.23,18.34,0,445.66
78,2007,5,Karnataka,Raichur,227.25,-1,151.48,134.44,28.34,0,541.49
78,2008,5,Karnataka,Raichur,239.79,9.28,123.09,118.21,28.24,0,518.61
78,2009,5,Karnataka,Raichur,248.87,12.69,147.38,112.15,41.98,0,563.05
79,1966,5,Karnataka,Gulbarga / Kalaburagi,0,0,1,0.1,0,-1,1.1
79,1967,5,Karnataka,Gulbarga / Kalaburagi,0,0.2,0.5,0.3,0.2,-1,1.2
79,1968,5,Karnataka,Gulbarga / Kalaburagi,0.1,1,1.3,3.5,0.3,-1,6.2
79,1969,5,Karnataka,Gulbarga / Kalaburagi,0.2,1.1,1.6,2.8,0.2,-1,5.9
79,1970,5,Karnataka,Gulbarga / Kalaburagi,1,7.8,3.9,6.1,0.3,-1,19.1
79,1971,5,Karnataka,Gulbarga / Kalaburagi,0.3,4.5,2.1,6.7,0.1,-1,13.7
79,1972,5,Karnataka,Gulbarga / Kalaburagi,0,4.3,2.6,3,0.6,-1,10.5
79,1973,5,Karnataka,Gulbarga / Kalaburagi,4.8,4,3.1,19.5,0.5,-1,31.9
79,1974,5,Karnataka,Gulbarga / Kalaburagi,5,1.8,3.4,22.9,0.5,-1,33.6
79,1975,5,Karnataka,Gulbarga / Kalaburagi,4.4,6.4,8.1,38.7,1,-1,58.6
79,1976,5,Karnataka,Gulbarga / Kalaburagi,4.8,10.9,10.7,23.7,0.6,-1,50.7
79,1977,5,Karnataka,Gulbarga / Kalaburagi,2.2,9.3,11.4,25.5,0.6,-1,49
79,1978,5,Karnataka,Gulbarga / Kalaburagi,2.9,7.9,17.3,33.7,0.6,-1,62.4
79,1979,5,Karnataka,Gulbarga / Kalaburagi,8.1,7.8,10.4,22.7,0.5,-1,49.5
79,1980,5,Karnataka,Gulbarga / Kalaburagi,1.2,7.2,5.8,26.3,0.2,-1,40.7
79,1981,5,Karnataka,Gulbarga / Kalaburagi,7.3,10.3,8.8,39,0.4,-1,65.8
79,1982,5,Karnataka,Gulbarga / Kalaburagi,2.6,9.3,8.7,45.3,0.7,-1,66.6
79,1983,5,Karnataka,Gulbarga / Kalaburagi,7.2,8.2,9.9,67.9,1.1,-1,94.3
79,1984,5,Karnataka,Gulbarga / Kalaburagi,7.1,9.5,8.4,51.1,0.9,-1,77
79,1985,5,Karnataka,Gulbarga / Kalaburagi,6.2,6.5,8.9,48.9,1,-1,71.5
79,1986,5,Karnataka,Gulbarga / Kalaburagi,7.2,7.2,12,57.9,1.3,-1,85.6
79,1987,5,Karnataka,Gulbarga / Kalaburagi,6.2,5.5,8.5,60,1,-1,81.2
79,1988,5,Karnataka,Gulbarga / Kalaburagi,9.5,5,36.3,43.6,0.5,-1,94.9
79,1989,5,Karnataka,Gulbarga / Kalaburagi,9.8,13.5,122.8,71.6,1.4,-1,219.1
79,1990,5,Karnataka,Gulbarga / Kalaburagi,8.92,16.58,312.71,52.52,0.48,0,391.21
79,1991,5,Karnataka,Gulbarga / Kalaburagi,8.04,12.22,194.13,61.13,0.9,0,276.42
79,1992,5,Karnataka,Gulbarga / Kalaburagi,2.3,8.4,172.64,49.28,0.88,0,233.5
79,1993,5,Karnataka,Gulbarga / Kalaburagi,6.02,8.5,206.98,41.68,0.9,0,264.08
79,1994,5,Karnataka,Gulbarga / Kalaburagi,2.74,8.87,305.65,43.23,1.06,0.02,361.57
79,1995,5,Karnataka,Gulbarga / Kalaburagi,7.41,12.12,236.36,68.95,1.42,0.02,326.28
79,1996,5,Karnataka,Gulbarga / Kalaburagi,11.51,14.47,284.36,66.99,1.65,0.01,378.99
79,1997,5,Karnataka,Gulbarga / Kalaburagi,7.29,0,329.75,65.62,1.58,0.08,404.32
79,1998,5,Karnataka,Gulbarga / Kalaburagi,17.34,0,14.86,14.73,1.07,0,48
79,1999,5,Karnataka,Gulbarga / Kalaburagi,16.33,0,20.81,18,0.91,0,56.05
79,2000,5,Karnataka,Gulbarga / Kalaburagi,30.12,0,274.21,85.25,1.53,0,391.11
79,2001,5,Karnataka,Gulbarga / Kalaburagi,40.53,0,305.33,59.15,1.72,0,406.73
79,2002,5,Karnataka,Gulbarga / Kalaburagi,46.74,0,271.95,59.74,2.18,0,380.61
79,2003,5,Karnataka,Gulbarga / Kalaburagi,65.58,16,285.03,72.23,2.56,0,441.4
79,2004,5,Karnataka,Gulbarga / Kalaburagi,76.75,0,288.4,68.79,2.29,0,436.23
79,2005,5,Karnataka,Gulbarga / Kalaburagi,90.04,19.75,283.32,72.67,4.6,0,470.37
79,2006,5,Karnataka,Gulbarga / Kalaburagi,87.1,17.99,287.8,65.64,2.4,0,460.93
79,2007,5,Karnataka,Gulbarga / Kalaburagi,90.81,-1,253.59,61.87,2.68,0,408.95
79,2008,5,Karnataka,Gulbarga / Kalaburagi,92.73,20.33,305.97,52.7,5.94,0,477.66
79,2009,5,Karnataka,Gulbarga / Kalaburagi,79.47,24.57,318.99,36.23,6.35,0,465.61
80,1966,5,Karnataka,Dakshina Kannada,5.9,0,0,0,0.5,-1,6.4
80,1967,5,Karnataka,Dakshina Kannada,4.5,0,0,0,0.5,-1,5
80,1968,5,Karnataka,Dakshina Kannada,12.5,0,0,0,0.1,-1,12.6
80,1969,5,Karnataka,Dakshina Kannada,12.5,0,0,0,0.1,-1,12.6
80,1970,5,Karnataka,Dakshina Kannada,11.3,0,0,0,0,-1,11.3
80,1971,5,Karnataka,Dakshina Kannada,11.1,0,0,0,0,-1,11.1
80,1972,5,Karnataka,Dakshina Kannada,15.8,0,0,0,0,-1,15.8
80,1973,5,Karnataka,Dakshina Kannada,38.3,0,0,0,0,-1,38.3
80,1974,5,Karnataka,Dakshina Kannada,59.4,0,0,0,0,-1,59.4
80,1975,5,Karnataka,Dakshina Kannada,72.8,0,0,0,0,-1,72.8
80,1976,5,Karnataka,Dakshina Kannada,73.6,0,0,0,0,-1,73.6
80,1977,5,Karnataka,Dakshina Kannada,79,0,0,0,0,-1,79
80,1978,5,Karnataka,Dakshina Kannada,73.1,0,0,0,0,-1,73.1
80,1979,5,Karnataka,Dakshina Kannada,68.1,0,0,0,0,-1,68.1
80,1980,5,Karnataka,Dakshina Kannada,70.8,0,0,0,0,-1,70.8
80,1981,5,Karnataka,Dakshina Kannada,80.7,0,0,0,0,-1,80.7
80,1982,5,Karnataka,Dakshina Kannada,78.5,0,0,0,0,-1,78.5
80,1983,5,Karnataka,Dakshina Kannada,84.1,0,0,0,0,-1,84.1
80,1984,5,Karnataka,Dakshina Kannada,83.4,0,0,0,0,-1,83.4
80,1985,5,Karnataka,Dakshina Kannada,72.5,0,0,0,0,-1,72.5
80,1986,5,Karnataka,Dakshina Kannada,84.1,0,0,0,0,-1,84.1
80,1987,5,Karnataka,Dakshina Kannada,72.9,0,0,0,0,-1,72.9
80,1988,5,Karnataka,Dakshina Kannada,81.3,0,0,0,0,-1,81.3
80,1989,5,Karnataka,Dakshina Kannada,86.4,0,0,0,0,-1,86.4
80,1990,5,Karnataka,Dakshina Kannada,92.59,0,0,0,0,0,92.59
80,1991,5,Karnataka,Dakshina Kannada,93.48,0,0,0,0,0,93.48
80,1992,5,Karnataka,Dakshina Kannada,105.84,0,0,0,0,0,105.84
80,1993,5,Karnataka,Dakshina Kannada,105.94,0,0,0,0,0,105.94
80,1994,5,Karnataka,Dakshina Kannada,105.53,0,0,0,0,0,105.53
80,1995,5,Karnataka,Dakshina Kannada,105.01,0,0,0,0,0,105.01
80,1996,5,Karnataka,Dakshina Kannada,102.3,0,0,0,0,0,102.3
80,1997,5,Karnataka,Dakshina Kannada,101.65,0,0,0,0,0,101.65
80,1998,5,Karnataka,Dakshina Kannada,36.44,0,0,0,0,0,36.44
80,1999,5,Karnataka,Dakshina Kannada,37.31,0,0,0,0,0,37.31
80,2000,5,Karnataka,Dakshina Kannada,102.8,0,0,0,0,0,102.8
80,2001,5,Karnataka,Dakshina Kannada,103.3,0,0,0,0,0,103.3
80,2002,5,Karnataka,Dakshina Kannada,100.14,0,0,0,0,0,100.14
80,2003,5,Karnataka,Dakshina Kannada,101.11,0,0,0,0,0,101.11
80,2004,5,Karnataka,Dakshina Kannada,104.6,0,0,0,0,0,104.6
80,2005,5,Karnataka,Dakshina Kannada,105.16,0,0,0,0.03,0,105.19
80,2006,5,Karnataka,Dakshina Kannada,108.79,0,0,0,0.04,0,108.83
80,2007,5,Karnataka,Dakshina Kannada,110.63,-1,0,0,0.02,0,110.65
80,2008,5,Karnataka,Dakshina Kannada,111.17,0,0,0,0.05,0,111.21
80,2009,5,Karnataka,Dakshina Kannada,108.42,0,0,0.01,0.02,0,108.43
81,1966,5,Karnataka,Uttara Kannada,0.4,0,0,0,0,-1,0.4
81,1967,5,Karnataka,Uttara Kannada,1.8,0,0.1,0,0,-1,1.9
81,1968,5,Karnataka,Uttara Kannada,1,0,0.3,0,0.1,-1,1.4
81,1969,5,Karnataka,Uttara Kannada,3.5,0,0.7,0,1.1,-1,5.3
81,1970,5,Karnataka,Uttara Kannada,4.4,0,0.3,0,1.5,-1,6.2
81,1971,5,Karnataka,Uttara Kannada,6.9,0,0,0,0.9,-1,7.8
81,1972,5,Karnataka,Uttara Kannada,10.2,0,0.1,0,0.7,-1,11
81,1973,5,Karnataka,Uttara Kannada,13.8,0,0.3,0,0.6,-1,14.7
81,1974,5,Karnataka,Uttara Kannada,15.3,0,0.4,0,1,-1,16.7
81,1975,5,Karnataka,Uttara Kannada,26.6,0,0.6,0,1.4,-1,28.6
81,1976,5,Karnataka,Uttara Kannada,29.5,0,0.4,0,0.7,-1,30.6
81,1977,5,Karnataka,Uttara Kannada,41.6,0,0.5,0,1.1,-1,43.2
81,1978,5,Karnataka,Uttara Kannada,52.4,0,0.4,0,0.8,-1,53.6
81,1979,5,Karnataka,Uttara Kannada,62.3,0,0.6,0,0.9,-1,63.8
81,1980,5,Karnataka,Uttara Kannada,56.4,0,0.4,0,0.3,-1,57.1
81,1981,5,Karnataka,Uttara Kannada,58.7,0.3,0.4,0,0.3,-1,59.7
81,1982,5,Karnataka,Uttara Kannada,63.6,0,0.4,0,0.4,-1,64.4
81,1983,5,Karnataka,Uttara Kannada,65.8,0,0.3,0,0.2,-1,66.3
81,1984,5,Karnataka,Uttara Kannada,65.3,0,0.3,0,0.2,-1,65.8
81,1985,5,Karnataka,Uttara Kannada,56.7,0,0.3,0,0.2,-1,57.2
81,1986,5,Karnataka,Uttara Kannada,65.8,0,0.4,0,0.2,-1,66.4
81,1987,5,Karnataka,Uttara Kannada,57,0,0.3,0,0.2,-1,57.5
81,1988,5,Karnataka,Uttara Kannada,53,0,0.5,0,0.2,-1,53.7
81,1989,5,Karnataka,Uttara Kannada,53.1,0,0.4,0,0.2,-1,53.7
81,1990,5,Karnataka,Uttara Kannada,49.58,0,0.1,0,0.06,0.07,49.81
81,1991,5,Karnataka,Uttara Kannada,51.06,0,0.08,0,0.05,0.07,51.26
81,1992,5,Karnataka,Uttara Kannada,53.77,0,0.16,0,0.21,0.03,54.17
81,1993,5,Karnataka,Uttara Kannada,54.04,0,0.35,0,0.02,0.01,54.42
81,1994,5,Karnataka,Uttara Kannada,54.32,0,0.04,0,0.01,0.01,54.38
81,1995,5,Karnataka,Uttara Kannada,52.45,0,0,0,0.01,0.02,52.48
81,1996,5,Karnataka,Uttara Kannada,53.35,0,0.08,0,0.02,0.04,53.49
81,1997,5,Karnataka,Uttara Kannada,50.27,0,0,0,0.06,0.03,50.36
81,1998,5,Karnataka,Uttara Kannada,9.29,0,0,0,0,0,9.29
81,1999,5,Karnataka,Uttara Kannada,8.87,0,0,0,0,0,8.87
81,2000,5,Karnataka,Uttara Kannada,46.89,0,0.06,0,0.13,0,47.08
81,2001,5,Karnataka,Uttara Kannada,42.97,0,0.02,0,0,0,42.99
81,2002,5,Karnataka,Uttara Kannada,44.56,0,0.01,0,0.06,0,44.63
81,2003,5,Karnataka,Uttara Kannada,44.18,0,0.01,0,0.17,0,44.36
81,2004,5,Karnataka,Uttara Kannada,46.24,0,0.25,0,0.91,0,47.4
81,2005,5,Karnataka,Uttara Kannada,44.51,0,0.2,0,1.33,0,46.04
81,2006,5,Karnataka,Uttara Kannada,45.58,0,0.1,0,1.72,0,47.39
81,2007,5,Karnataka,Uttara Kannada,44.78,-1,0.02,0,2.7,0,47.5
81,2008,5,Karnataka,Uttara Kannada,45.36,0,0.06,0,3.33,0,48.75
81,2009,5,Karnataka,Uttara Kannada,45.58,0,0.04,0,4.45,0,50.07
82,1966,5,Karnataka,Kodagu / Coorg,1.3,0,0,0,0,-1,1.3
82,1967,5,Karnataka,Kodagu / Coorg,4.3,0,0,0,0.3,-1,4.6
82,1968,5,Karnataka,Kodagu / Coorg,0.7,0,0,0,0.4,-1,1.1
82,1969,5,Karnataka,Kodagu / Coorg,1,0,0.1,0,0.4,-1,1.5
82,1970,5,Karnataka,Kodagu / Coorg,1,0,0,0,0.3,-1,1.3
82,1971,5,Karnataka,Kodagu / Coorg,0.9,0,0,0,0.1,-1,1
82,1972,5,Karnataka,Kodagu / Coorg,1.1,0,0,0,0.1,-1,1.2
82,1973,5,Karnataka,Kodagu / Coorg,1,0,0.1,0,0.2,-1,1.3
82,1974,5,Karnataka,Kodagu / Coorg,2.6,0,0.2,0,0.6,-1,3.4
82,1975,5,Karnataka,Kodagu / Coorg,4.9,0,0.8,0,0.3,-1,6
82,1976,5,Karnataka,Kodagu / Coorg,5.3,0,0.3,0,0.4,-1,6
82,1977,5,Karnataka,Kodagu / Coorg,11.6,0,0.7,0,0.6,-1,12.9
82,1978,5,Karnataka,Kodagu / Coorg,14.7,0,0,0,0.4,-1,15.1
82,1979,5,Karnataka,Kodagu / Coorg,18.1,0,0,0,0.6,-1,18.7
82,1980,5,Karnataka,Kodagu / Coorg,21.3,0,0,0,0.4,-1,21.7
82,1981,5,Karnataka,Kodagu / Coorg,22.8,0.5,0,0,0.7,-1,24
82,1982,5,Karnataka,Kodagu / Coorg,28,0,0,0,0.7,-1,28.7
82,1983,5,Karnataka,Kodagu / Coorg,26,0,0,0,0.3,-1,26.3
82,1984,5,Karnataka,Kodagu / Coorg,25.8,0,0,0,0.2,-1,26
82,1985,5,Karnataka,Kodagu / Coorg,22.4,0,0,0,0.3,-1,22.7
82,1986,5,Karnataka,Kodagu / Coorg,26,0,0,0,0.4,-1,26.4
82,1987,5,Karnataka,Kodagu / Coorg,22.5,0,0,0,0.3,-1,22.8
82,1988,5,Karnataka,Kodagu / Coorg,24.1,0,0,0,1,-1,25.1
82,1989,5,Karnataka,Kodagu / Coorg,25.4,0,0,0,1,-1,26.4
82,1990,5,Karnataka,Kodagu / Coorg,26.31,0,0,0,1.24,1.15,28.7
82,1991,5,Karnataka,Kodagu / Coorg,27.51,0,0,0,1.57,0.82,29.9
82,1992,5,Karnataka,Kodagu / Coorg,29.35,0,0,0,2,1.06,32.41
82,1993,5,Karnataka,Kodagu / Coorg,29.32,0,0,0,1.48,0.7,31.5
82,1994,5,Karnataka,Kodagu / Coorg,27.93,0,0,0,1.47,0.65,30.05
82,1995,5,Karnataka,Kodagu / Coorg,26.65,0,0,0,1.11,0.52,28.28
82,1996,5,Karnataka,Kodagu / Coorg,27.29,0,0,0,1.53,0.22,29.04
82,1997,5,Karnataka,Kodagu / Coorg,21.98,0,0,0,1.55,0.38,23.91
82,1998,5,Karnataka,Kodagu / Coorg,2.06,0,0,0,0,0,2.06
82,1999,5,Karnataka,Kodagu / Coorg,1.61,0,0,0,0,0,1.61
82,2000,5,Karnataka,Kodagu / Coorg,21.84,0,0,0,1.65,0.82,24.31
82,2001,5,Karnataka,Kodagu / Coorg,26.77,0,0,0,2.36,0.54,29.67
82,2002,5,Karnataka,Kodagu / Coorg,27.11,0,0,0,2.47,0.31,29.89
82,2003,5,Karnataka,Kodagu / Coorg,24.41,0,0,0,0,0.37,24.77
82,2004,5,Karnataka,Kodagu / Coorg,25.67,0,0,0,2.88,0.37,28.92
82,2005,5,Karnataka,Kodagu / Coorg,23.3,0,0,0,2.34,0.7,26.34
82,2006,5,Karnataka,Kodagu / Coorg,26.79,0,0,0,2.65,0.4,29.83
82,2007,5,Karnataka,Kodagu / Coorg,23.69,-1,0,0,3.14,0.29,27.12
82,2008,5,Karnataka,Kodagu / Coorg,23.31,0,0,0,3.81,0.2,27.32
82,2009,5,Karnataka,Kodagu / Coorg,20.75,0,0,0,3.58,0,24.33