Dist Code,Year,State Code,State Name,District,RICE HARVEST PRICE (Rs per Quintal),PADDY HARVEST PRICE (Rs per Quintal),WHEAT HARVEST PRICE (Rs per Quintal),SORGHUM HARVEST PRICE (Rs per Quintal),PEARL MILLET HARVEST PRICE (Rs per Quintal),MAIZE HARVEST PRICE (Rs per Quintal),FINGER MILLET HARVEST PRICE (Rs per Quintal),BARLEY HARVEST PRICE (Rs per Quintal),CHICKPEA HARVEST PRICE (Rs per Quintal),PIGEONPEA HARVEST PRICE (Rs per Quintal),GROUNDNUT HARVEST PRICE (Rs per Quintal),SEASMUM HARVEST PRICE (Rs per Quintal),RAPE AND MUSTARD HARVEST PRICE (Rs per Quintal),CASTOR HARVEST PRICE (Rs per Quintal),LINSEED HARVEST PRICE (Rs per Quintal),SUGARCANE GUR HARVEST PRICE (Rs per Quintal),COTTON KAPAS HARVEST PRICE (Rs per Quintal)
64,1966,5,Karnataka,Bangalore,-1,-1,-1,-1,-1,-1,-1,-1,-1,-1,-1,-1,-1,-1,-1,-1,-1
64,1967,5,Karnataka,Bangalore,-1,-1,-1,-1,-1,-1,-1,-1,-1,-1,-1,-1,-1,-1,-1,-1,-1
64,1968,5,Karnataka,Bangalore,-1,70.4,-1,66.5,-1,-1,80.2,-1,130.8,-1,-1,-1,-1,-1,-1,-1,-1
64,1969,5,Karnataka,Bangalore,30,58.6,-1,-1,-1,-1,70.5,-1,124.8,-1,139.6,-1,300.9,104.8,-1,-1,-1
64,1970,5,Karnataka,Bangalore,-1,62.5,-1,-1,-1,-1,67.6,-1,91.8,-1,136,176,178.8,114.6,-1,-1,-1
64,1971,5,Karnataka,Bangalore,-1,66.5,-1,-1,-1,-1,67.1,-1,-1,-1,112.7,195.3,139,117.6,-1,95,-1
64,1972,5,Karnataka,Bangalore,-1,83.6,-1,-1,-1,-1,92.3,-1,-1,-1,155.4,224,198.6,194.3,-1,110,-1
64,1973,5,Karnataka,Bangalore,-1,132.7,-1,-1,-1,-1,130.5,-1,-1,-1,236,319.1,236.8,265.8,-1,115.5,-1
64,1974,5,Karnataka,Bangalore,-1,150.2,-1,-1,-1,-1,168.1,-1,-1,-1,228.9,346.7,280.9,192.6,-1,150,-1
64,1975,5,Karnataka,Bangalore,-1,101.4,-1,-1,-1,77,83.8,-1,-1,-1,156.9,315,-1,122.2,-1,-1,-1
64,1976,5,Karnataka,Bangalore,-1,122.7,-1,-1,-1,110.9,131.6,-1,-1,-1,190.1,-1,-1,252.1,-1,-1,-1
64,1977,5,Karnataka,Bangalore,-1,100.8,-1,-1,-1,104.3,100.1,-1,-1,-1,223,326.9,-1,196.1,-1,-1,-1
64,1978,5,Karnataka,Bangalore,-1,97.4,-1,-1,-1,90.3,92,-1,-1,-1,213.7,291.8,-1,170.6,-1,-1,-1
64,1979,5,Karnataka,Bangalore,-1,103.1,-1,-1,-1,102.4,99.5,-1,-1,-1,260.9,451.9,-1,253.2,-1,-1,-1
64,1980,5,Karnataka,Bangalore,-1,132.7,-1,-1,-1,136.8,167.4,-1,-1,-1,315.7,467.7,-1,328.3,-1,-1,-1
64,1981,5,Karnataka,Bangalore,-1,150.7,-1,-1,-1,137.2,154.1,-1,-1,-1,352.9,471.3,-1,372,-1,-1,-1
64,1982,5,Karnataka,Bangalore,-1,157.3,-1,-1,-1,157.4,165.4,-1,-1,-1,355.2,-1,-1,333.4,-1,-1,-1
64,1983,5,Karnataka,Bangalore,-1,178.9,-1,-1,-1,157.1,166.5,-1,-1,-1,370.6,475,-1,439.7,-1,-1,-1
64,1984,5,Karnataka,Bangalore,-1,161.6,-1,-1,-1,-1,155.9,-1,-1,-1,468.8,676.2,-1,380,-1,21.5,-1
64,1985,5,Karnataka,Bangalore,-1,191.3,-1,-1,187.8,-1,165.6,-1,-1,-1,463.3,-1,-1,306.9,-1,-1,-1
64,1986,5,Karnataka,Bangalore,-1,177.5,-1,-1,-1,-1,164.1,-1,190,-1,490.6,-1,-1,400,-1,-1,-1
64,1987,5,Karnataka,Bangalore,-1,192.8,-1,-1,-1,-1,175.3,-1,-1,-1,641,-1,-1,-1,-1,-1,-1
64,1988,5,Karnataka,Bangalore,-1,241,-1,-1,-1,197,226,-1,-1,-1,554,-1,-1,-1,-1,-1,-1
64,1989,5,Karnataka,Bangalore,-1,220,-1,-1,-1,212,199,-1,-1,-1,553,-1,-1,-1,-1,-1,-1
65,1966,5,Karnataka,Kolar,-1,88.3,138.3,-1,-1,-1,97.1,-1,-1,-1,126.5,-1,-1,-1,-1,-1,-1
65,1967,5,Karnataka,Kolar,-1,74.6,131.4,-1,-1,-1,83.1,-1,-1,-1,78.3,-1,-1,-1,-1,165,-1
65,1968,5,Karnataka,Kolar,-1,73.8,122.3,-1,-1,-1,86.4,-1,-1,-1,121.3,-1,-1,-1,-1,163.3,-1
65,1969,5,Karnataka,Kolar,-1,62.5,101,-1,-1,-1,72.9,-1,-1,-1,146,-1,-1,-1,-1,57.5,-1
65,1970,5,Karnataka,Kolar,-1,65.9,108,-1,-1,-1,69.4,-1,-1,-1,146,-1,-1,-1,-1,87.7,-1
65,1971,5,Karnataka,Kolar,-1,74.5,105.1,-1,-1,-1,71.1,-1,-1,-1,133.7,-1,-1,-1,-1,99.8,-1
65,1972,5,Karnataka,Kolar,-1,102.5,139.5,-1,95,86.3,99,-1,-1,-1,214.8,-1,-1,-1,-1,130.9,-1
65,1973,5,Karnataka,Kolar,-1,116.3,223.6,-1,104.5,120.2,132.8,-1,-1,-1,233.8,-1,-1,-1,-1,105,-1
65,1974,5,Karnataka,Kolar,-1,142.4,187.1,-1,138,158,164.9,-1,-1,-1,234,-1,-1,-1,-1,139.6,-1
65,1975,5,Karnataka,Kolar,-1,89.1,-1,-1,69,-1,72.3,-1,-1,-1,137.9,-1,-1,-1,-1,132.8,-1
65,1976,5,Karnataka,Kolar,-1,121.9,-1,-1,100.4,107.5,132.4,-1,-1,-1,244.6,-1,-1,-1,-1,132,-1
65,1977,5,Karnataka,Kolar,-1,107.3,-1,-1,103.9,100,102.8,-1,-1,-1,214.6,-1,-1,-1,-1,117,-1
65,1978,5,Karnataka,Kolar,-1,93.8,-1,-1,67.2,80.2,86.3,-1,-1,-1,186.7,-1,-1,-1,-1,113,-1
65,1979,5,Karnataka,Kolar,-1,108.9,-1,-1,80.9,91.2,97.1,-1,-1,-1,259.2,-1,-1,-1,-1,158,-1
65,1980,5,Karnataka,Kolar,-1,136.4,-1,-1,128.9,133.9,170.4,-1,-1,-1,361.5,-1,-1,-1,-1,249.6,-1
65,1981,5,Karnataka,Kolar,-1,152.8,-1,-1,121.9,147.8,158.7,-1,-1,-1,374.1,-1,-1,-1,-1,188.3,-1
65,1982,5,Karnataka,Kolar,-1,153.9,-1,-1,141.1,147.3,160,-1,-1,-1,369.2,-1,-1,-1,-1,159.4,-1
65,1983,5,Karnataka,Kolar,-1,194.6,-1,-1,156.9,160.8,184,-1,-1,-1,407.5,-1,-1,-1,-1,184,-1
65,1984,5,Karnataka,Kolar,-1,-1,-1,-1,143.8,152.9,164,-1,-1,-1,440.9,-1,-1,-1,-1,-1,-1
65,1985,5,Karnataka,Kolar,-1,186,-1,-1,-1,-1,173.7,-1,-1,-1,420,-1,-1,-1,-1,-1,-1
65,1986,5,Karnataka,Kolar,-1,-1,-1,-1,155.7,-1,180,-1,-1,-1,520.5,-1,-1,-1,-1,-1,-1
65,1987,5,Karnataka,Kolar,-1,-1,-1,-1,-1,225,-1,-1,-1,-1,-1,-1,-1,-1,-1,-1,-1
65,1988,5,Karnataka,Kolar,-1,-1,-1,-1,177,202,-1,-1,-1,-1,506,-1,-1,-1,-1,-1,-1
65,1989,5,Karnataka,Kolar,-1,-1,-1,-1,175,232,-1,-1,-1,-1,641,-1,-1,-1,-1,-1,-1
65,1990,5,Karnataka,Kolar,-1,-1,-1,-1,189,233,-1,-1,-1,-1,1007,-1,-1,-1,-1,-1,-1
65,1991,5,Karnataka,Kolar,-1,-1,-1,-1,-1,310,220,-1,-1,-1,994,-1,-1,-1,-1,-1,-1
65,1992,5,Karnataka,Kolar,440,-1,-1,-1,-1,-1,225,-1,-1,-1,893,-1,-1,-1,-1,-1,-1
65,1993,5,Karnataka,Kolar,75,-1,-1,-1,-1,-1,-1,-1,-1,-1,-1,-1,-1,-1,-1,-1,-1
65,1994,5,Karnataka,Kolar,-1,352,-1,-1,-1,-1,235,-1,-1,-1,972,-1,-1,-1,-1,-1,-1
65,1995,5,Karnataka,Kolar,-1,-1,-1,-1,-1,-1,-1,-1,-1,-1,-1,-1,-1,-1,-1,-1,-1
65,1996,5,Karnataka,Kolar,-1,-1,-1,-1,-1,-1,-1,-1,-1,-1,-1,-1,-1,-1,-1,-1,-1
65,1997,5,Karnataka,Kolar,-1,466,706,399,421,372,349,-1,1289,1531,1132,1568,-1,1112,1257,-1,1887
65,1998,5,Karnataka,Kolar,-1,354,-1,-1,-1,-1,-1,-1,-1,-1,-1,-1,-1,-1,-1,-1,-1
65,1999,5,Karnataka,Kolar,-1,-1,-1,-1,-1,-1,-1,-1,-1,-1,968,-1,-1,-1,-1,-1,-1
65,2000,5,Karnataka,Kolar,-1,473,-1,-1,-1,386,464,-1,-1,-1,1186,-1,-1,-1,-1,-1,-1
65,2001,5,Karnataka,Kolar,-1,513,-1,-1,-1,-1,-1,-1,-1,-1,1046,-1,-1,-1,-1,-1,-1
65,2002,5,Karnataka,Kolar,-1,365,-1,-1,-1,-1,414,-1,-1,-1,965,-1,-1,-1,-1,-1,-1
65,2003,5,Karnataka,Kolar,-1,395,-1,-1,-1,-1,417,-1,-1,-1,987,-1,-1,-1,-1,-1,-1
65,2004,5,Karnataka,Kolar,-1,490,-1,-1,-1,382,375,-1,-1,-1,1190,-1,-1,-1,-1,-1,-1
65,2005,5,Karnataka,Kolar,-1,523,-1,-1,-1,367,395,-1,1606,-1,1170,-1,-1,-1,-1,-1,-1
65,2006,5,Karnataka,Kolar,-1,567,-1,-1,-1,675,-1,-1,-1,-1,1485,-1,-1,-1,-1,-1,-1
65,2007,5,Karnataka,Kolar,-1,1143,-1,-1,-1,-1,831,-1,-1,-1,2013,-1,-1,-1,-1,-1,-1
65,2008,5,Karnataka,Kolar,-1,950,-1,-1,-1,776,1000,-1,-1,-1,2094,-1,-1,2508,-1,-1,-1
65,2009,5,Karnataka,Kolar,-1,-1,-1,-1,-1,1005,986,-1,-1,-1,2394,-1,-1,2375,-1,-1,-1
65,2010,5,Karnataka,Kolar,-1,-1,-1,-1,-1,-1,-1,-1,-1,-1,2241,-1,-1,-1,-1,-1,-1
65,2011,5,Karnataka,Kolar,-1,-1,-1,-1,-1,-1,1064,-1,-1,-1,2385,-1,-1,-1,-1,-1,-1
65,2012,5,Karnataka,Kolar,-1,-1,-1,-1,-1,-1,1690,-1,-1,-1,3495,-1,-1,-1,-1,-1,-1
65,2013,5,Karnataka,Kolar,-1,1638,-1,-1,-1,-1,1570,-1,-1,-1,2691,-1,-1,-1,-1,-1,-1
65,2014,5,Karnataka,Kolar,-1,1698,-1,-1,-1,-1,1701,-1,-1,-1,3683,-1,-1,-1,-1,-1,-1
65,2015,5,Karnataka,Kolar,-1,1779,-1,-1,-1,-1,1731,-1,-1,-1,3716,-1,-1,-1,-1,-1,-1
65,2016,5,Karnataka,Kolar,-1,-1,-1,-1,-1,-1,2006,-1,-1,3435,4732,-1,-1,-1,-1,-1,-1
66,1966,5,Karnataka,Tumkur,-1,75.6,-1,-1,-1,-1,76.8,-1,-1,101.8,157.1,-1,-1,128.3,-1,-1,-1
66,1967,5,Karnataka,Tumkur,-1,74.6,-1,-1,-1,-1,89.3,-1,-1,115,91.3,-1,-1,82.7,-1,-1,-1
66,1968,5,Karnataka,Tumkur,-1,73.8,-1,-1,-1,-1,75.1,-1,-1,83.1,109.1,-1,-1,84,-1,-1,-1
66,1969,5,Karnataka,Tumkur,-1,57,-1,-1,-1,-1,-1,-1,-1,100,135.2,-1,-1,99,-1,-1,-1
66,1970,5,Karnataka,Tumkur,-1,65.6,-1,54.3,-1,-1,68.3,-1,-1,73.5,143.5,-1,-1,116.4,-1,-1,-1
66,1971,5,Karnataka,Tumkur,-1,70,-1,68,-1,-1,69,-1,-1,144,139,-1,-1,108,-1,-1,-1
66,1972,5,Karnataka,Tumkur,-1,78,-1,82,-1,-1,90,-1,158,142,194,-1,-1,202,-1,123,-1
66,1973,5,Karnataka,Tumkur,-1,126.9,-1,108.8,-1,-1,127.2,-1,224.7,201.7,241.5,-1,-1,236.3,-1,98.7,-1
66,1974,5,Karnataka,Tumkur,-1,151.2,-1,145.9,-1,-1,154.7,-1,260.4,264.8,245.2,-1,-1,157.2,-1,135,-1
66,1975,5,Karnataka,Tumkur,-1,102,-1,83.3,-1,75.6,87.2,-1,-1,120.5,163.9,-1,-1,125.4,-1,143.1,-1
66,1976,5,Karnataka,Tumkur,-1,119.4,-1,103.2,-1,113.7,129.5,-1,-1,291.7,275.5,-1,-1,286.3,-1,151,-1
66,1977,5,Karnataka,Tumkur,-1,100,-1,92,-1,92,99,-1,-1,244,258,-1,-1,247,-1,118,-1
66,1978,5,Karnataka,Tumkur,-1,94.4,-1,83.8,-1,89.8,91,-1,-1,365.7,205.5,-1,-1,189.5,-1,89,-1
66,1979,5,Karnataka,Tumkur,-1,102.7,-1,88,-1,97.3,93,-1,-1,295.2,228,-1,-1,249.3,-1,182.3,-1
66,1980,5,Karnataka,Tumkur,-1,127.5,-1,120.4,-1,121.7,148.1,-1,-1,303,330.8,-1,-1,263.5,-1,249.7,-1
66,1981,5,Karnataka,Tumkur,-1,155.3,-1,146,-1,141.8,160.6,-1,-1,395.7,397.8,-1,-1,296.9,-1,200,-1
66,1982,5,Karnataka,Tumkur,-1,157.5,-1,135.8,-1,144.5,157.3,-1,-1,375.9,404.1,-1,-1,316.8,-1,167.6,-1
66,1983,5,Karnataka,Tumkur,-1,204.3,-1,158.4,-1,158.7,176.2,-1,-1,430,449.4,-1,-1,488,-1,199,-1
66,1984,5,Karnataka,Tumkur,-1,168.1,-1,129.4,-1,-1,164.8,-1,-1,-1,409.5,-1,-1,-1,-1,-1,-1
66,1985,5,Karnataka,Tumkur,-1,187.8,-1,159.8,-1,-1,-1,-1,-1,-1,339.5,-1,-1,-1,-1,-1,-1
66,1986,5,Karnataka,Tumkur,-1,187.1,-1,-1,-1,-1,167.2,-1,-1,-1,546.6,-1,-1,-1,-1,-1,-1
66,1987,5,Karnataka,Tumkur,-1,204,-1,-1,-1,-1,-1,-1,-1,-1,692,-1,-1,-1,-1,167,-1
66,1988,5,Karnataka,Tumkur,-1,225,-1,-1,-1,-1,208,-1,-1,-1,509,-1,-1,-1,-1,-1,-1
66,1989,5,Karnataka,Tumkur,-1,222,-1,-1,-1,-1,205,-1,-1,-1,678,-1,-1,-1,-1,-1,-1
66,1990,5,Karnataka,Tumkur,-1,246,-1,-1,-1,-1,191,-1,-1,-1,960,-1,-1,-1,-1,-1,-1
66,1991,5,Karnataka,Tumkur,-1,305,-1,-1,-1,-1,215,-1,-1,-1,1025,-1,-1,-1,-1,-1,-1
66,1992,5,Karnataka,Tumkur,-1,376,-1,-1,-1,-1,-1,-1,-1,-1,867,-1,-1,-1,-1,-1,-1
66,1993,5,Karnataka,Tumkur,,354,-1,-1,-1,-1,250,-1,-1,-1,899,-1,-1,-1,-1,-1,-1
66,1994,5,Karnataka,Tumkur,-1,424,-1,-1,-1,-1,295,-1,-1,-1,1080,-1,-1,-1,-1,-1,-1
66,1995,5,Karnataka,Tumkur,-1,454,-1,-1,-1,-1,371,-1,-1,-1,1186,-1,-1,-1,-1,-1,-1
66,1996,5,Karnataka,Tumkur,-1,490,-1,344,-1,372,358,-1,-1,-1,1230,-1,-1,963,-1,-1,-1
66,1997,5,Karnataka,Tumkur,-1,474,706,398,421,372,358,-1,1289,1531,1115,1568,-1,1127,1257,-1,1887
66,1998,5,Karnataka,Tumkur,-1,495,-1,438,-1,-1,376,-1,-1,-1,1310,-1,-1,-1,-1,-1,-1
66,1999,5,Karnataka,Tumkur,-1,554,-1,500,-1,-1,501,-1,-1,-1,1133,-1,-1,-1,-1,-1,-1
66,2000,5,Karnataka,Tumkur,-1,-1,-1,-1,-1,-1,-1,-1,-1,-1,-1,-1,-1,-1,-1,-1,-1
66,2001,5,Karnataka,Tumkur,-1,570,-1,-1,-1,464,372,-1,-1,-1,1226,-1,-1,-1,-1,-1,-1
66,2002,5,Karnataka,Tumkur,-1,573,-1,-1,-1,473,480,-1,-1,-1,1594,-1,-1,-1,-1,-1,-1
66,2003,5,Karnataka,Tumkur,-1,600,-1,-1,-1,481,513,-1,-1,-1,1681,-1,-1,-1,-1,-1,-1
66,2004,5,Karnataka,Tumkur,-1,588,-1,500,-1,530,476,-1,-1,-1,1431,-1,-1,1250,-1,-1,-1
66,2005,5,Karnataka,Tumkur,-1,602,-1,469,-1,528,487,-1,-1,-1,1472,-1,-1,1381,-1,-1,-1
66,2006,5,Karnataka,Tumkur,-1,568,-1,-1,-1,678,652,-1,-1,-1,1784,-1,-1,-1,-1,-1,-1
66,2007,5,Karnataka,Tumkur,-1,808,-1,-1,-1,-1,686,-1,-1,-1,2392,-1,-1,-1,-1,-1,-1
66,2008,5,Karnataka,Tumkur,-1,1054,-1,972,-1,792,876,-1,-1,-1,2127,-1,-1,2508,-1,-1,-1
66,2009,5,Karnataka,Tumkur,-1,-1,-1,-1,-1,861,891,-1,-1,3899,2525,-1,-1,2375,-1,-1,-1
66,2010,5,Karnataka,Tumkur,1000,-1,-1,-1,-1,905,-1,-1,-1,3024,2656,-1,-1,-1,-1,-1,-1
66,2011,5,Karnataka,Tumkur,550,-1,-1,-1,-1,1119,1005,-1,-1,2702,3202,-1,-1,-1,-1,-1,-1
66,2012,5,Karnataka,Tumkur,300,-1,-1,-1,-1,1362,1741,-1,-1,3100,4164,-1,-1,-1,-1,-1,-1
66,2013,5,Karnataka,Tumkur,400,-1,-1,-1,-1,1302,1615,-1,-1,3233,3162,-1,-1,-1,-1,-1,-1
66,2014,5,Karnataka,Tumkur,450,1378,-1,-1,-1,1281,1630,-1,-1,3884,4467,-1,-1,-1,-1,-1,-1
66,2015,5,Karnataka,Tumkur,-1,1499,-1,-1,-1,1470,1610,-1,-1,4295,3963,-1,-1,-1,-1,-1,-1
66,2016,5,Karnataka,Tumkur,-1,1833.5,-1,-1,-1,1597.5,2592,-1,-1,4800,4140.5,-1,-1,-1,-1,-1,-1
67,1966,5,Karnataka,Mysore,-1,65.6,-1,78.8,-1,-1,71,-1,-1,63.2,115.6,126.4,-1,82.1,-1,47,-1
67,1967,5,Karnataka,Mysore,-1,81.8,-1,80,-1,-1,71.2,-1,-1,-1,-1,156.3,-1,95.7,-1,-1,-1
67,1968,5,Karnataka,Mysore,-1,81.1,-1,72.6,-1,-1,69.6,-1,-1,-1,116,208.1,-1,63.2,-1,31.5,-1
67,1969,5,Karnataka,Mysore,-1,67.1,-1,61.6,-1,-1,67.6,-1,-1,-1,97.6,177.3,-1,97.4,-1,90,-1
67,1970,5,Karnataka,Mysore,-1,64.2,-1,58.9,-1,-1,68,-1,-1,-1,80.4,221.7,-1,133.1,-1,-1,-1
67,1971,5,Karnataka,Mysore,-1,71.2,-1,59.3,-1,-1,63.6,-1,159.3,-1,88.2,215.3,-1,128.6,-1,136.8,-1
67,1972,5,Karnataka,Mysore,-1,83.2,-1,95.1,-1,-1,91.4,-1,162.8,108.3,139.4,296.1,-1,140.9,-1,-1,-1
67,1973,5,Karnataka,Mysore,-1,107.6,-1,107.3,-1,-1,99.8,-1,182.7,147.4,200.6,326.3,-1,159.7,-1,-1,-1
67,1974,5,Karnataka,Mysore,-1,133.3,-1,125,-1,-1,119.4,-1,189.1,154.1,223.4,340,-1,159.8,-1,-1,-1
67,1975,5,Karnataka,Mysore,-1,98.5,-1,88.3,-1,159,94.8,-1,181.8,142.3,120.6,326,-1,131.6,-1,135,-1
67,1976,5,Karnataka,Mysore,-1,108.8,-1,112.9,-1,111.8,122.2,-1,177.9,347.5,261.7,414.6,-1,213.8,-1,125,-1
67,1977,5,Karnataka,Mysore,-1,98,-1,92,-1,95,92,-1,204,296,233,365,-1,184,-1,132,-1
67,1978,5,Karnataka,Mysore,-1,94,-1,114,-1,86,78,-1,278,306,239,316,-1,181,-1,110,-1
67,1979,5,Karnataka,Mysore,-1,108,-1,93,-1,100,93.9,-1,316.6,278.5,221.5,410,-1,269.3,-1,205,-1
67,1980,5,Karnataka,Mysore,-1,126.6,-1,114.3,-1,107.1,153.5,-1,394.1,298.8,236.4,444,-1,277.5,-1,276.7,-1
67,1981,5,Karnataka,Mysore,-1,129.6,-1,137.4,-1,136.4,162.2,-1,436.6,356.5,375.2,503.9,-1,303.9,-1,213,-1
67,1982,5,Karnataka,Mysore,-1,137.3,-1,123,-1,119.9,141.8,-1,327.7,377.8,297.2,551,-1,328.8,-1,195.6,-1
67,1983,5,Karnataka,Mysore,-1,167,-1,156.9,-1,161.6,160.2,-1,371.1,378.1,348.9,652.2,-1,465.4,-1,201,-1
67,1984,5,Karnataka,Mysore,-1,159.7,-1,149.3,-1,-1,150.5,-1,473.8,334.4,384.8,580.3,-1,361.6,-1,239,-1
67,1985,5,Karnataka,Mysore,-1,176.6,-1,158.6,-1,-1,166.3,-1,508.4,321.2,379.5,577.8,-1,326.1,-1,255,-1
67,1986,5,Karnataka,Mysore,-1,182.5,-1,162.1,-1,183.6,180.7,-1,521.5,415.8,495,879.2,-1,367.1,-1,289,-1
67,1987,5,Karnataka,Mysore,-1,200.4,-1,171.9,-1,178,189.9,-1,475,568.3,507.5,842.5,-1,529.7,-1,318,-1
67,1988,5,Karnataka,Mysore,-1,220,-1,197,-1,-1,205,-1,689,588,474,912,-1,487,-1,330,-1
67,1989,5,Karnataka,Mysore,-1,225,-1,203,-1,-1,207,-1,488,613,555,1012,-1,496,-1,380,-1
67,1990,5,Karnataka,Mysore,-1,249,-1,205,-1,-1,198,-1,831,707,656,1037,-1,552,-1,380,-1
67,1991,5,Karnataka,Mysore,-1,352,-1,283,-1,-1,272,-1,804,804,726,1070,-1,607,-1,420,-1
67,1992,5,Karnataka,Mysore,-1,328,-1,283,-1,249,314,-1,971,-1,626,1142,-1,590,-1,-1,-1
67,1993,5,Karnataka,Mysore,-1,365,-1,262,-1,281,320,-1,-1,871,770,1310,1228,695,-1,540,-1
67,1994,5,Karnataka,Mysore,-1,451,-1,333,-1,-1,328,-1,855,1169,1019,1311,-1,719,2615,-1,-1
67,1995,5,Karnataka,Mysore,-1,433,-1,382,-1,-1,421,-1,1270,1310,872,1648,-1,816,-1,-1,-1
67,1996,5,Karnataka,Mysore,-1,484,-1,438,-1,-1,408,-1,1316,1344,1008,1553,-1,967,-1,-1,-1
67,1997,5,Karnataka,Mysore,-1,500,706,413,421,422,357,-1,1407,1214,929,1512,-1,1191,1257,-1,1887
67,1998,5,Karnataka,Mysore,-1,582,-1,437,-1,449,413,-1,1503,-1,966,1897,-1,-1,-1,-1,1625
67,1999,5,Karnataka,Mysore,-1,540,-1,434,-1,-1,443,-1,1601,1573,876,-1,-1,-1,-1,-1,2071
67,2000,5,Karnataka,Mysore,-1,-1,-1,-1,-1,392,406,-1,1397,1825,839,1737,-1,1308,-1,-1,2198
67,2001,5,Karnataka,Mysore,-1,583,-1,425,-1,405,406,-1,2455,1894,844,1825,-1,1274,-1,-1,1979
67,2002,5,Karnataka,Mysore,-1,599,-1,452,-1,512,464,-1,2181,1934,1147,2005,-1,1329,-1,-1,-1
67,2003,5,Karnataka,Mysore,-1,610,-1,445,-1,522,554,-1,2085,-1,1480,-1,-1,1730,-1,-1,-1
67,2004,5,Karnataka,Mysore,-1,521,-1,467,-1,490,519,-1,-1,1052,1153,3141,-1,1356,-1,-1,-1
67,2005,5,Karnataka,Mysore,-1,562,-1,510,-1,497,518,-1,-1,1315,1211,3031,-1,1384,-1,-1,-1
67,2006,5,Karnataka,Mysore,-1,691,-1,668,-1,690,660,-1,2925,1841,1651,2315,-1,-1,-1,110,-1
67,2007,5,Karnataka,Mysore,-1,378,-1,687,-1,730,809,-1,-1,-1,-1,-1,-1,-1,-1,96,1982
67,2008,5,Karnataka,Mysore,-1,-1,-1,-1,-1,690,854,-1,-1,2219,1399,-1,-1,2508,-1,-1,2359
67,2009,5,Karnataka,Mysore,-1,-1,-1,-1,-1,727,870,-1,-1,-1,-1,-1,-1,2375,-1,-1,2824
67,2010,5,Karnataka,Mysore,-1,-1,-1,-1,-1,814,-1,-1,-1,-1,-1,-1,-1,-1,-1,-1,-1
67,2011,5,Karnataka,Mysore,-1,-1,-1,-1,-1,902,906,-1,-1,3855,-1,3894,-1,3187,-1,-1,-1
67,2012,5,Karnataka,Mysore,-1,-1,-1,-1,-1,1068,1546,-1,-1,2342,2832,3921,-1,-1,-1,-1,3859
67,2013,5,Karnataka,Mysore,-1,1379,-1,-1,-1,1212,1476,-1,-1,2397,3888,3428,-1,3039,-1,-1,4033
67,2014,5,Karnataka,Mysore,-1,-1,-1,-1,-1,1219,1574,-1,-1,4251,-1,7534,-1,3220,-1,-1,4528
67,2015,5,Karnataka,Mysore,-1,1675,-1,1389,-1,1177,1392,-1,2242,3228,-1,6974,-1,3220,-1,-1,4654
67,2016,5,Karnataka,Mysore,-1,-1,-1,1389,-1,1242.5,1602,-1,-1,-1,-1,-1,-1,-1,-1,-1,4633
68,1966,5,Karnataka,Mandya,-1,60.8,-1,-1,-1,-1,82.5,-1,-1,-1,-1,-1,-1,90,-1,62.9,-1
68,1967,5,Karnataka,Mandya,-1,64.3,-1,-1,-1,-1,86.6,-1,-1,-1,-1,75,-1,67.5,-1,112.8,-1
68,1968,5,Karnataka,Mandya,-1,79.3,-1,-1,-1,-1,81.7,-1,-1,-1,-1,82.5,-1,60.7,-1,114.4,-1
68,1969,5,Karnataka,Mandya,-1,58,-1,-1,-1,-1,67.3,-1,-1,-1,-1,-1,-1,94.2,-1,-1,-1
68,1970,5,Karnataka,Mandya,-1,61,-1,-1,-1,-1,73.8,-1,-1,-1,-1,-1,-1,122,-1,81,-1
68,1971,5,Karnataka,Mandya,-1,65.7,-1,-1,-1,-1,-1,-1,-1,-1,-1,-1,-1,107.4,-1,-1,-1
68,1972,5,Karnataka,Mandya,-1,70,-1,90,-1,-1,95,-1,-1,133,-1,200,-1,165,-1,108,-1
68,1973,5,Karnataka,Mandya,-1,115.6,-1,103.5,-1,-1,115.7,-1,-1,183.7,-1,321.3,-1,225.6,-1,120.7,-1
68,1974,5,Karnataka,Mandya,-1,126.2,-1,156.8,-1,-1,157.6,-1,-1,254.5,-1,435.9,-1,163.6,-1,150.3,-1
68,1975,5,Karnataka,Mandya,-1,101.3,-1,93,-1,-1,83,-1,-1,138,-1,366,-1,138,-1,139,-1
68,1976,5,Karnataka,Mandya,-1,102.8,-1,100.4,-1,-1,130.6,-1,-1,331.5,-1,320.4,-1,236.4,-1,138,-1
68,1977,5,Karnataka,Mandya,-1,92,-1,86,-1,-1,106,-1,-1,387,-1,399,-1,145,-1,136,-1
68,1978,5,Karnataka,Mandya,-1,92,-1,88,-1,-1,94,-1,-1,329,-1,248,-1,189,-1,106,-1
68,1979,5,Karnataka,Mandya,-1,99,-1,91,-1,-1,94,-1,-1,355,-1,431,-1,247,-1,157,-1
68,1980,5,Karnataka,Mandya,-1,125.7,-1,129.9,-1,-1,135.5,-1,-1,390.3,-1,375.6,-1,274.2,-1,237,-1
68,1981,5,Karnataka,Mandya,-1,140.4,-1,170.2,-1,-1,167.2,-1,295.5,410.6,-1,379.4,-1,286,-1,174.4,-1
68,1982,5,Karnataka,Mandya,-1,142,-1,-1,-1,-1,167,-1,431,419,-1,649,-1,430,-1,193,-1
68,1983,5,Karnataka,Mandya,-1,187,-1,-1,-1,-1,183,-1,360,425,-1,601,-1,489,-1,200,-1
68,1984,5,Karnataka,Mandya,-1,174.3,-1,-1,-1,-1,156,-1,375.8,516,-1,446,-1,349.4,-1,-1,-1
68,1985,5,Karnataka,Mandya,-1,221,-1,-1,-1,-1,189.9,-1,466.1,598.9,-1,617.1,-1,314.8,-1,222,-1
68,1986,5,Karnataka,Mandya,-1,190,-1,-1,-1,-1,171,-1,-1,522,-1,697,-1,362,-1,239,-1
68,1987,5,Karnataka,Mandya,-1,218.9,-1,-1,-1,178,169.3,-1,475,568.3,-1,-1,-1,559.2,-1,273,-1
68,1988,5,Karnataka,Mandya,-1,266,-1,-1,-1,-1,239,-1,-1,-1,580,865,-1,562,-1,300,-1
68,1989,5,Karnataka,Mandya,-1,237,-1,206,-1,-1,232,-1,-1,-1,619,1008,-1,514,-1,336,-1
68,1990,5,Karnataka,Mandya,-1,256,-1,201,-1,-1,233,-1,-1,-1,847,1468,-1,568,-1,390,-1
68,1991,5,Karnataka,Mandya,-1,326,-1,-1,-1,-1,273,-1,-1,-1,1068,1278,-1,580,-1,420,-1
68,1992,5,Karnataka,Mandya,-1,344,-1,322,-1,-1,332,-1,-1,-1,-1,-1,-1,621,-1,-1,-1
68,1993,5,Karnataka,Mandya,-1,358,-1,-1,-1,-1,-1,-1,-1,-1,971,1223,-1,701,-1,540,-1
68,1994,5,Karnataka,Mandya,-1,457,-1,639,-1,-1,-1,-1,-1,-1,1028,1484,-1,843,-1,-1,-1
68,1995,5,Karnataka,Mandya,-1,507,-1,665,-1,-1,434,-1,-1,2842,1048,1863,-1,855,-1,-1,-1
68,1996,5,Karnataka,Mandya,-1,621,-1,-1,-1,-1,390,-1,-1,-1,1397,1536,-1,-1,-1,-1,-1
68,1997,5,Karnataka,Mandya,-1,490,706,399,421,372,396,-1,1289,1845,964,1868,-1,1112,1257,-1,1887
68,1998,5,Karnataka,Mandya,-1,555,-1,-1,-1,-1,406,-1,-1,-1,980,2103,-1,-1,-1,-1,-1
68,1999,5,Karnataka,Mandya,-1,560,-1,-1,-1,-1,421,-1,-1,-1,1050,2133,-1,-1,-1,-1,-1
68,2000,5,Karnataka,Mandya,-1,-1,-1,-1,-1,-1,-1,-1,-1,-1,1293,1494,-1,1281,1214,-1,-1
68,2001,5,Karnataka,Mandya,-1,568,-1,-1,-1,-1,433,-1,-1,2386,1941,1560,-1,1275,-1,-1,-1
68,2002,5,Karnataka,Mandya,-1,616,-1,-1,-1,-1,549,-1,-1,2576,1944,2176,-1,1417,-1,-1,-1
68,2003,5,Karnataka,Mandya,-1,624,-1,-1,-1,-1,468,-1,-1,-1,1433,-1,-1,833,-1,-1,-1
68,2004,5,Karnataka,Mandya,-1,529,-1,-1,-1,-1,463,-1,-1,1144,1683,2737,-1,704,-1,-1,-1
68,2005,5,Karnataka,Mandya,-1,574,-1,-1,-1,-1,460,-1,-1,2306,1690,2535,-1,1163,-1,-1,-1
68,2006,5,Karnataka,Mandya,-1,603,-1,-1,-1,-1,776,-1,-1,1175,2615,2596,-1,-1,-1,-1,-1
68,2007,5,Karnataka,Mandya,-1,765,-1,-1,-1,646,728,-1,-1,-1,-1,-1,-1,-1,-1,-1,-1
68,2008,5,Karnataka,Mandya,-1,957,-1,-1,-1,776,859,-1,-1,-1,-1,-1,-1,2508,-1,-1,-1
68,2009,5,Karnataka,Mandya,-1,-1,-1,-1,-1,1005,944,-1,-1,-1,-1,3905,-1,2375,-1,-1,-1
68,2010,5,Karnataka,Mandya,-1,-1,-1,-1,-1,846,-1,-1,-1,-1,3337,3305,-1,-1,-1,-1,-1
68,2011,5,Karnataka,Mandya,-1,-1,-1,-1,-1,-1,1112,-1,-1,-1,-1,3640,-1,-1,-1,-1,-1
68,2012,5,Karnataka,Mandya,-1,-1,-1,-1,-1,-1,2201,-1,-1,-1,-1,-1,-1,-1,-1,-1,-1
68,2013,5,Karnataka,Mandya,-1,-1,-1,-1,-1,-1,1718,-1,-1,-1,-1,-1,-1,-1,-1,-1,-1
68,2014,5,Karnataka,Mandya,-1,-1,-1,-1,-1,1726,1585,-1,-1,-1,-1,-1,-1,-1,-1,-1,-1
68,2015,5,Karnataka,Mandya,-1,1716,-1,-1,1392,1339,1685,-1,3270,-1,4537,-1,-1,-1,-1,-1,-1
68,2016,5,Karnataka,Mandya,-1,-1,-1,-1,-1,1500,2832,-1,-1,-1,-1,4788,-1,-1,-1,-1,-1
69,1966,5,Karnataka,Hassan,-1,60.8,-1,-1,-1,-1,-1,-1,-1,-1,-1,-1,-1,-1,-1,-1,-1
69,1967,5,Karnataka,Hassan,-1,87.7,-1,-1,-1,-1,95,-1,-1,-1,-1,-1,-1,-1,-1,77.5,-1
69,1968,5,Karnataka,Hassan,-1,68.5,-1,-1,-1,-1,69.3,-1,-1,-1,-1,-1,-1,103.8,-1,-1,-1
69,1969,5,Karnataka,Hassan,-1,-1,-1,-1,-1,-1,-1,-1,-1,-1,-1,-1,-1,-1,-1,-1,-1
69,1970,5,Karnataka,Hassan,-1,62,-1,-1,-1,-1,60,-1,-1,-1,-1,-1,-1,98,-1,112,-1
69,1971,5,Karnataka,Hassan,-1,68,-1,-1,-1,-1,65,-1,-1,-1,-1,-1,-1,114,-1,93,-1
69,1972,5,Karnataka,Hassan,-1,74,-1,80,-1,-1,92,-1,-1,185,-1,225,-1,201,-1,95,-1
69,1973,5,Karnataka,Hassan,-1,109.2,-1,113.5,-1,-1,121.9,-1,-1,198.2,-1,350,-1,225,-1,111.5,-1
69,1974,5,Karnataka,Hassan,-1,119.9,-1,148.5,-1,-1,157.7,-1,-1,197.4,-1,393.2,-1,179.6,-1,126,-1
69,1975,5,Karnataka,Hassan,-1,104.7,-1,67.8,-1,-1,82.3,-1,-1,-1,-1,323.8,-1,93.8,-1,130,-1
69,1976,5,Karnataka,Hassan,-1,106.6,-1,-1,-1,-1,136,-1,-1,-1,-1,370.6,-1,329.5,-1,148,-1
69,1977,5,Karnataka,Hassan,-1,89.8,-1,78.7,-1,-1,92.9,-1,-1,-1,-1,243.1,-1,192.1,-1,132,-1
69,1978,5,Karnataka,Hassan,-1,93,-1,66.5,-1,-1,82.5,-1,-1,-1,-1,328.7,-1,182,-1,96,-1
69,1979,5,Karnataka,Hassan,-1,102.3,-1,81,-1,-1,84.3,-1,-1,-1,-1,473.3,-1,196.8,-1,237.5,-1
69,1980,5,Karnataka,Hassan,-1,131.9,-1,118.9,-1,-1,144.4,-1,-1,-1,-1,450,-1,214.8,-1,279.1,-1
69,1981,5,Karnataka,Hassan,-1,157.7,-1,135.7,-1,-1,173,-1,-1,-1,-1,460,-1,232.5,-1,215,-1
69,1982,5,Karnataka,Hassan,-1,148.7,-1,120,-1,-1,139.9,-1,-1,-1,-1,487.5,-1,223.8,-1,206,-1
69,1983,5,Karnataka,Hassan,-1,178.1,-1,-1,-1,-1,175.5,-1,-1,-1,-1,513.1,-1,481.7,-1,200,-1
69,1984,5,Karnataka,Hassan,-1,165.2,-1,141,-1,-1,147.2,-1,-1,-1,-1,590.6,-1,491.3,-1,193,-1
69,1985,5,Karnataka,Hassan,-1,189.2,-1,167.5,-1,-1,166.9,-1,-1,-1,-1,593.9,-1,485,-1,270,-1
69,1986,5,Karnataka,Hassan,-1,177,-1,-1,-1,-1,147.3,-1,-1,-1,-1,-1,-1,389.1,-1,238,-1
69,1987,5,Karnataka,Hassan,-1,197.9,-1,149.8,-1,-1,150.7,-1,-1,-1,-1,971.3,-1,660.9,-1,275,-1
69,1988,5,Karnataka,Hassan,-1,231,-1,199,-1,-1,203,-1,-1,-1,-1,768,-1,550,-1,290,-1
69,1989,5,Karnataka,Hassan,-1,227,-1,162,-1,-1,188,-1,-1,-1,-1,1074,-1,540,-1,340,-1
69,1990,5,Karnataka,Hassan,-1,231,-1,208,-1,-1,190,-1,666,-1,-1,1207,-1,680,-1,380,-1
69,1991,5,Karnataka,Hassan,-1,349,-1,266,-1,-1,228,-1,732,732,-1,1424,-1,676,-1,380,-1
69,1992,5,Karnataka,Hassan,-1,345,-1,276,-1,-1,286,-1,930,-1,-1,1273,-1,686,-1,-1,-1
69,1993,5,Karnataka,Hassan,-1,-1,-1,-1,-1,-1,-1,-1,1224,-1,-1,1220,-1,849,-1,570,-1
69,1994,5,Karnataka,Hassan,-1,397,-1,-1,-1,-1,275,-1,1250,-1,-1,1199,-1,964,-1,-1,-1
69,1995,5,Karnataka,Hassan,-1,473,-1,-1,-1,-1,-1,-1,1038,-1,-1,1267,-1,971,-1,-1,-1
69,1996,5,Karnataka,Hassan,-1,460,-1,-1,-1,384,343,-1,1176,-1,-1,1082,-1,1000,-1,-1,-1
69,1997,5,Karnataka,Hassan,-1,398,706,399,421,372,293,-1,1226,1531,1132,1200,-1,982,1257,-1,1887
69,1998,5,Karnataka,Hassan,-1,513,-1,-1,-1,-1,-1,-1,1544,-1,-1,1206,-1,996,-1,-1,-1
69,1999,5,Karnataka,Hassan,-1,565,-1,-1,-1,-1,-1,-1,1672,-1,1237,1968,-1,1172,-1,-1,-1
69,2000,5,Karnataka,Hassan,-1,487,-1,-1,-1,-1,342,-1,-1,-1,-1,1669,-1,923,-1,-1,-1
69,2001,5,Karnataka,Hassan,-1,463,-1,-1,-1,-1,331,-1,-1,-1,-1,2133,-1,1054,-1,-1,-1
69,2002,5,Karnataka,Hassan,-1,657,-1,-1,-1,-1,368,-1,-1,-1,-1,2338,-1,1269,-1,-1,-1
69,2003,5,Karnataka,Hassan,-1,-1,-1,-1,-1,-1,512,-1,-1,-1,-1,-1,-1,-1,-1,-1,-1
69,2004,5,Karnataka,Hassan,-1,538,-1,-1,-1,483,414,-1,-1,-1,-1,-1,-1,-1,-1,-1,-1
69,2005,5,Karnataka,Hassan,-1,652,-1,-1,-1,501,444,-1,-1,-1,-1,-1,-1,-1,-1,-1,-1
69,2006,5,Karnataka,Hassan,-1,492,-1,-1,-1,284,538,-1,-1,-1,-1,-1,-1,-1,-1,125,-1
69,2007,5,Karnataka,Hassan,-1,378,-1,-1,-1,-1,620,-1,-1,-1,-1,-1,-1,-1,-1,118,-1
69,2008,5,Karnataka,Hassan,-1,844,-1,-1,-1,772,800,-1,-1,-1,-1,-1,-1,2508,-1,-1,-1
69,2009,5,Karnataka,Hassan,-1,1001,-1,-1,-1,822,866,-1,-1,-1,-1,-1,-1,2375,-1,-1,-1
69,2010,5,Karnataka,Hassan,-1,1007,-1,-1,-1,1018,-1,-1,-1,-1,-1,3775,-1,-1,-1,-1,-1
69,2011,5,Karnataka,Hassan,-1,998,-1,-1,-1,1119,941,-1,4500,-1,-1,4218,-1,-1,-1,-1,-1
69,2012,5,Karnataka,Hassan,-1,1206,-1,-1,-1,1390,1795,-1,4837,-1,-1,7331,-1,-1,-1,-1,-1
69,2013,5,Karnataka,Hassan,-1,1244,-1,-1,-1,1289,1619,-1,3350,-1,-1,7775,-1,-1,-1,-1,-1
69,2014,5,Karnataka,Hassan,-1,1369,-1,-1,-1,1401,1695,-1,5338,-1,-1,7175,-1,-1,-1,-1,-1
69,2015,5,Karnataka,Hassan,-1,1517,-1,-1,-1,1428,1465,-1,-1,-1,-1,7347,-1,-1,-1,-1,-1
69,2016,5,Karnataka,Hassan,-1,1857,-1,-1,-1,1435,2938,-1,-1,-1,-1,-1,-1,-1,-1,-1,-1
70,1966,5,Karnataka,Shimoge,-1,67.6,-1,-1,-1,-1,60.4,-1,-1,-1,-1,-1,-1,-1,-1,81.7,197.5
70,1967,5,Karnataka,Shimoge,-1,71,-1,-1,-1,-1,80.5,-1,-1,-1,104.5,-1,-1,-1,-1,84.9,94.8
70,1968,5,Karnataka,Shimoge,-1,70.3,-1,-1,-1,-1,78.1,-1,-1,-1,97.2,-1,-1,-1,-1,121.6,89.8
70,1969,5,Karnataka,Shimoge,-1,55.2,-1,-1,-1,-1,68.4,-1,-1,-1,105,-1,-1,-1,-1,94.2,68.1
70,1970,5,Karnataka,Shimoge,-1,61.6,-1,-1,-1,-1,61.1,-1,-1,-1,118.1,-1,-1,-1,-1,76.7,285.4
70,1971,5,Karnataka,Shimoge,-1,70.2,-1,-1,-1,-1,70.6,-1,-1,-1,123.1,-1,-1,-1,-1,98,282
70,1972,5,Karnataka,Shimoge,-1,76,-1,76,-1,-1,83,-1,201,178,163,-1,-1,-1,-1,109.5,207
70,1973,5,Karnataka,Shimoge,-1,101,-1,88,-1,-1,114,-1,213,132,270,-1,-1,-1,-1,120,375
70,1974,5,Karnataka,Shimoge,-1,120.6,-1,147.3,-1,-1,161.6,-1,276.3,203.6,234.1,-1,-1,-1,-1,150.1,288.7
70,1975,5,Karnataka,Shimoge,-1,98,-1,63.2,-1,-1,83.3,-1,-1,129.8,104.5,-1,-1,-1,-1,150,252.5
70,1976,5,Karnataka,Shimoge,-1,99.6,-1,111.3,-1,-1,118,-1,-1,238.5,164.1,-1,-1,-1,-1,139,470
70,1977,5,Karnataka,Shimoge,-1,93.2,-1,73.6,-1,-1,93.6,-1,-1,253.8,236.8,-1,-1,-1,-1,140,391.8
70,1978,5,Karnataka,Shimoge,-1,96.8,-1,67.4,-1,-1,77.1,-1,-1,223.7,162.6,-1,-1,-1,-1,98,333.3
70,1979,5,Karnataka,Shimoge,-1,103.1,-1,89.3,-1,-1,83.1,-1,-1,273.5,225.8,-1,-1,-1,-1,145.5,431.6
70,1980,5,Karnataka,Shimoge,-1,120.3,-1,110.2,-1,-1,132.7,-1,-1,326,247.8,-1,-1,-1,-1,235.1,433.2
70,1981,5,Karnataka,Shimoge,-1,140.1,-1,145,-1,-1,-1,-1,-1,451.3,356.6,-1,-1,-1,-1,225.7,604.8
70,1982,5,Karnataka,Shimoge,-1,141.1,-1,160.5,-1,-1,128.7,-1,-1,360,325,-1,-1,-1,-1,198.6,-1
70,1983,5,Karnataka,Shimoge,-1,179.8,-1,196.8,-1,-1,152.9,-1,-1,511.1,311.5,-1,-1,-1,-1,183,397
70,1984,5,Karnataka,Shimoge,-1,154.5,-1,224.4,-1,-1,135.3,-1,-1,537.7,411.9,-1,-1,-1,-1,210,609.2
70,1985,5,Karnataka,Shimoge,-1,190.2,-1,224.6,-1,-1,-1,-1,-1,500.8,-1,-1,-1,-1,-1,-1,-1
70,1986,5,Karnataka,Shimoge,-1,174.5,-1,259.5,116,-1,135.4,-1,-1,442,492.1,-1,-1,-1,-1,265,511.2
70,1987,5,Karnataka,Shimoge,-1,203.4,-1,234.7,-1,-1,-1,-1,-1,655.4,529.7,-1,-1,-1,-1,246,1046.9
70,1988,5,Karnataka,Shimoge,-1,241,-1,431,-1,-1,-1,-1,-1,495,400,-1,-1,-1,-1,280,1101
70,1989,5,Karnataka,Shimoge,-1,229,-1,262,-1,-1,-1,-1,-1,647,457,-1,-1,-1,-1,313,902
70,1990,5,Karnataka,Shimoge,-1,231,-1,245,-1,-1,-1,-1,720,1032,625,-1,-1,-1,-1,370,-1
70,1991,5,Karnataka,Shimoge,-1,329,-1,-1,-1,-1,235,-1,-1,-1,744,-1,-1,-1,-1,400,1740
70,1992,5,Karnataka,Shimoge,-1,319,-1,-1,-1,-1,282,-1,-1,744,808,-1,-1,-1,-1,-1,1372
70,1993,5,Karnataka,Shimoge,-1,322,-1,-1,221,232,-1,-1,965,878,700,-1,-1,-1,-1,540,-1
70,1994,5,Karnataka,Shimoge,-1,426,-1,-1,-1,-1,-1,-1,-1,1219,767,-1,-1,-1,-1,-1,-1
70,1995,5,Karnataka,Shimoge,-1,462,-1,-1,-1,-1,-1,-1,-1,1405,928,-1,-1,-1,-1,-1,-1
70,1996,5,Karnataka,Shimoge,-1,520,-1,475,-1,-1,359,-1,-1,1698,970,-1,-1,-1,-1,-1,1918
70,1997,5,Karnataka,Shimoge,-1,473,706,399,421,372,349,-1,1289,1531,941,1568,-1,1112,1257,-1,2131
70,1998,5,Karnataka,Shimoge,-1,539,-1,-1,-1,-1,-1,-1,-1,1601,1099,-1,-1,-1,-1,-1,2679
70,1999,5,Karnataka,Shimoge,-1,597,-1,-1,-1,-1,-1,-1,-1,-1,1381,-1,-1,-1,-1,-1,2602
70,2000,5,Karnataka,Shimoge,-1,474,-1,-1,-1,422,-1,-1,-1,-1,1106,-1,-1,-1,929,-1,2922
70,2001,5,Karnataka,Shimoge,-1,542,-1,-1,-1,470,501,-1,-1,-1,970,-1,-1,-1,-1,-1,1865
70,2002,5,Karnataka,Shimoge,-1,587,-1,-1,-1,479,615,-1,-1,-1,1396,-1,-1,-1,-1,-1,-1
70,2003,5,Karnataka,Shimoge,-1,640,-1,-1,-1,494,-1,-1,-1,-1,1398,-1,-1,-1,-1,-1,-1
70,2004,5,Karnataka,Shimoge,-1,530,-1,-1,-1,512,551,-1,-1,-1,1654,-1,-1,-1,-1,-1,-1
70,2005,5,Karnataka,Shimoge,-1,560,-1,-1,-1,580,575,-1,-1,-1,1594,-1,-1,-1,-1,-1,-1
70,2006,5,Karnataka,Shimoge,-1,602,-1,-1,-1,660,529,-1,-1,-1,1663,-1,-1,-1,-1,-1,-1
70,2007,5,Karnataka,Shimoge,-1,696,-1,-1,-1,-1,874,-1,-1,-1,-1,-1,-1,-1,-1,105,4738
70,2008,5,Karnataka,Shimoge,-1,781,-1,-1,-1,847,859,-1,-1,-1,1951,-1,-1,2508,-1,150,2511
70,2009,5,Karnataka,Shimoge,-1,793,-1,-1,-1,758,860,-1,-1,-1,2035,-1,-1,2375,-1,-1,-1
70,2010,5,Karnataka,Shimoge,-1,1085,-1,-1,-1,879,-1,-1,-1,-1,-1,-1,-1,-1,-1,-1,-1
70,2011,5,Karnataka,Shimoge,-1,1130,-1,-1,-1,1045,-1,-1,-1,-1,-1,-1,-1,-1,-1,-1,-1
70,2012,5,Karnataka,Shimoge,-1,1412,-1,-1,-1,1300,-1,-1,-1,-1,-1,-1,-1,-1,-1,-1,-1
70,2013,5,Karnataka,Shimoge,-1,1460,-1,-1,-1,1259,-1,-1,-1,-1,-1,-1,-1,-1,-1,-1,-1
70,2014,5,Karnataka,Shimoge,-1,1170,-1,-1,-1,1189,-1,-1,-1,-1,-1,-1,-1,-1,-1,-1,-1
70,2015,5,Karnataka,Shimoge,-1,-1,-1,-1,-1,1381,-1,-1,-1,-1,-1,-1,-1,-1,-1,-1,-1
70,2016,5,Karnataka,Shimoge,-1,-1,-1,-1,-1,1555,-1,-1,-1,-1,-1,-1,-1,-1,-1,-1,-1
71,1966,5,Karnataka,Chickmagalur,-1,57.1,-1,-1,-1,-1,73.4,-1,-1,-1,-1,-1,-1,-1,-1,70,-1
71,1967,5,Karnataka,Chickmagalur,-1,70.2,-1,-1,-1,-1,88.8,-1,-1,-1,-1,-1,-1,-1,-1,134.5,-1
71,1968,5,Karnataka,Chickmagalur,-1,61.6,-1,-1,-1,-1,72.5,-1,-1,-1,-1,-1,-1,-1,-1,168.8,-1
71,1969,5,Karnataka,Chickmagalur,-1,51.3,-1,-1,-1,-1,69.7,-1,-1,-1,-1,-1,-1,-1,-1,-1,-1
71,1970,5,Karnataka,Chickmagalur,-1,54.4,-1,-1,-1,-1,60.9,-1,-1,-1,-1,-1,-1,-1,-1,-1,-1
71,1971,5,Karnataka,Chickmagalur,-1,66.6,-1,-1,-1,-1,62.9,-1,-1,-1,-1,-1,-1,-1,-1,103.8,-1
71,1972,5,Karnataka,Chickmagalur,-1,76.8,-1,107.5,-1,-1,94.2,-1,-1,-1,-1,286.3,-1,210.6,-1,-1,-1
71,1973,5,Karnataka,Chickmagalur,-1,102.4,-1,115.9,-1,-1,116.4,-1,-1,-1,-1,284.6,-1,245.6,-1,-1,-1
71,1974,5,Karnataka,Chickmagalur,-1,118.3,-1,156,-1,-1,142.4,-1,-1,-1,-1,294.2,-1,273.5,-1,-1,-1
71,1975,5,Karnataka,Chickmagalur,-1,89.5,-1,101.5,-1,-1,75.8,-1,-1,-1,91.8,233.7,-1,106.4,-1,-1,-1
71,1976,5,Karnataka,Chickmagalur,-1,98.8,-1,124.9,-1,-1,126.3,-1,-1,-1,193.3,385,-1,160.4,-1,-1,-1
71,1977,5,Karnataka,Chickmagalur,-1,82.7,-1,82.1,-1,-1,87.8,-1,-1,-1,202,357.7,-1,230.6,-1,-1,-1
71,1978,5,Karnataka,Chickmagalur,-1,92.7,-1,84.4,-1,-1,84.2,-1,-1,-1,182.5,287.3,-1,176.3,-1,-1,-1
71,1979,5,Karnataka,Chickmagalur,-1,97.1,-1,88.4,-1,-1,85.8,-1,-1,-1,220.8,398.6,-1,196,-1,-1,-1
71,1980,5,Karnataka,Chickmagalur,-1,119.8,-1,115.3,-1,-1,129.1,-1,-1,-1,331.8,382.8,-1,527,-1,-1,-1
71,1981,5,Karnataka,Chickmagalur,-1,132.2,-1,112.9,-1,-1,119.9,-1,-1,-1,295.1,520.1,-1,524.5,-1,-1,-1
71,1982,5,Karnataka,Chickmagalur,-1,134.3,-1,115,-1,-1,-1,-1,-1,-1,291.1,486.7,-1,523.8,-1,-1,-1
71,1983,5,Karnataka,Chickmagalur,-1,-1,-1,141.7,133,146,-1,-1,-1,-1,459,619,-1,348,-1,-1,-1
71,1984,5,Karnataka,Chickmagalur,-1,175.1,-1,-1,-1,166.5,146.9,-1,-1,-1,474,720.7,549,463,-1,-1,420
71,1985,5,Karnataka,Chickmagalur,-1,195,-1,165,154.4,215,167.1,-1,-1,-1,450,641,571.7,305,-1,-1,-1
71,1986,5,Karnataka,Chickmagalur,-1,174,-1,149.3,-1,-1,149.5,-1,-1,-1,388,-1,-1,378,-1,-1,-1
71,1987,5,Karnataka,Chickmagalur,-1,197,-1,156,-1,-1,-1,-1,-1,-1,547,994,-1,625,-1,161,-1
71,1988,5,Karnataka,Chickmagalur,-1,240,-1,202,-1,-1,202,-1,-1,-1,535,1035,-1,-1,-1,-1,-1
71,1989,5,Karnataka,Chickmagalur,-1,230,-1,225,-1,-1,210,-1,823,-1,532,1130,-1,454,-1,-1,-1
71,1990,5,Karnataka,Chickmagalur,-1,250,-1,240,-1,-1,215,-1,-1,-1,545,1190,-1,-1,-1,-1,-1
71,1991,5,Karnataka,Chickmagalur,-1,310,-1,268,-1,-1,225,-1,-1,-1,751,1192,-1,-1,-1,-1,-1
71,1992,5,Karnataka,Chickmagalur,-1,337,-1,326,-1,-1,-1,-1,-1,-1,946,1240,-1,-1,-1,-1,-1
71,1993,5,Karnataka,Chickmagalur,-1,331,-1,285,-1,-1,-1,-1,-1,-1,823,1204,-1,-1,-1,-1,-1
71,1994,5,Karnataka,Chickmagalur,-1,437,-1,422,-1,-1,302,-1,-1,-1,1264,1481,1105,-1,-1,-1,-1
71,1995,5,Karnataka,Chickmagalur,-1,456,-1,451,-1,-1,358,-1,-1,-1,1129,1624,-1,-1,-1,-1,-1
71,1996,5,Karnataka,Chickmagalur,-1,487,-1,417,-1,-1,330,-1,1198,-1,1143,1574,-1,-1,-1,-1,-1
71,1997,5,Karnataka,Chickmagalur,-1,472,706,399,421,372,349,-1,1631,1531,1185,1329,-1,1112,1257,-1,1887
71,1998,5,Karnataka,Chickmagalur,-1,522,-1,436,-1,-1,-1,-1,1696,-1,1259,1904,-1,-1,-1,-1,-1
71,1999,5,Karnataka,Chickmagalur,-1,526,-1,430,-1,-1,450,-1,1308,-1,1041,2349,-1,-1,-1,-1,-1
71,2000,5,Karnataka,Chickmagalur,-1,462,-1,458,489,-1,435,-1,-1,1259,868,2356,-1,-1,-1,-1,-1
71,2001,5,Karnataka,Chickmagalur,-1,549,-1,-1,-1,-1,-1,-1,-1,-1,1078,1303,-1,-1,-1,-1,3541
71,2002,5,Karnataka,Chickmagalur,-1,699,-1,499,-1,-1,-1,-1,1948,-1,1054,1333,-1,-1,-1,-1,-1
71,2003,5,Karnataka,Chickmagalur,-1,616,-1,554,-1,-1,521,-1,2234,-1,1821,-1,-1,-1,-1,-1,-1
71,2004,5,Karnataka,Chickmagalur,-1,579,-1,572,-1,-1,480,-1,1897,-1,1520,2386,-1,-1,-1,-1,-1
71,2005,5,Karnataka,Chickmagalur,-1,640,-1,606,-1,-1,536,-1,1832,-1,1622,2476,-1,-1,-1,-1,-1
71,2006,5,Karnataka,Chickmagalur,-1,581,-1,513,-1,-1,600,-1,1572,-1,1530,1822,-1,-1,-1,-1,-1
71,2007,5,Karnataka,Chickmagalur,-1,840,-1,670,-1,-1,-1,-1,2015,-1,1811,-1,-1,-1,-1,-1,-1
71,2008,5,Karnataka,Chickmagalur,-1,945,-1,769,-1,765,751,-1,2105,-1,2251,3781,-1,2508,-1,-1,-1
71,2009,5,Karnataka,Chickmagalur,-1,945,-1,-1,-1,1005,751,-1,2153,-1,2208,3781,-1,2375,-1,-1,-1
71,2010,5,Karnataka,Chickmagalur,-1,994,-1,2067,-1,936,-1,-1,2213,-1,2752,4750,-1,-1,-1,-1,-1
71,2011,5,Karnataka,Chickmagalur,-1,924,-1,-1,-1,980,632,-1,3561,-1,2711,3920,-1,-1,-1,-1,-1
71,2012,5,Karnataka,Chickmagalur,-1,1131,-1,-1,-1,1243,1588,-1,3205,-1,4041,6337,-1,-1,-1,-1,-1
71,2013,5,Karnataka,Chickmagalur,-1,1251,-1,-1,-1,1305,1537,-1,2814,-1,3633,8315,-1,-1,-1,-1,-1
71,2014,5,Karnataka,Chickmagalur,-1,1192,-1,-1,-1,1106,1483,-1,3414,-1,3221,8294,-1,-1,-1,-1,-1
71,2015,5,Karnataka,Chickmagalur,-1,1508,-1,1900,-1,1396,1397,-1,-1,-1,3817,5308,-1,-1,-1,-1,-1
71,2016,5,Karnataka,Chickmagalur,-1,2519,-1,2379,-1,1458,2183,-1,5848,-1,4247,-1,-1,-1,-1,-1,-1
72,1966,5,Karnataka,Chitradurga,-1,70.1,-1,65.8,-1,-1,71.3,-1,142.9,107.5,-1,138.8,-1,114.3,-1,70,181.5
72,1967,5,Karnataka,Chitradurga,-1,69.7,-1,76.8,-1,-1,79.8,-1,-1,96,121.9,256.8,-1,58.1,-1,90.6,181.8
72,1968,5,Karnataka,Chitradurga,-1,76.3,-1,74.7,-1,-1,74.5,-1,-1,62.4,107.7,95.3,-1,104,-1,-1,166.2
72,1969,5,Karnataka,Chitradurga,-1,61.4,-1,63.1,-1,-1,66.6,-1,-1,75.2,134.8,167.9,-1,90.6,-1,38.9,169
72,1970,5,Karnataka,Chitradurga,-1,67.3,-1,64.3,-1,-1,57.1,-1,-1,70.6,145.4,195.9,158.7,122.5,-1,108.8,312.3
72,1971,5,Karnataka,Chitradurga,-1,70.5,-1,68.9,-1,-1,66.1,-1,-1,101.5,120.7,202.7,166.2,113.9,-1,92.4,205.3
72,1972,5,Karnataka,Chitradurga,-1,95.1,-1,93,92.4,-1,89,-1,225,179,189.2,224.9,-1,208.7,-1,123.3,217.4
72,1973,5,Karnataka,Chitradurga,-1,104.9,-1,127.3,107.6,-1,117.4,-1,211.5,137.5,247.4,340.4,-1,276.9,-1,122.5,397
72,1974,5,Karnataka,Chitradurga,-1,127.1,-1,138.6,159.9,-1,148.6,-1,182.1,184.7,239.3,324.9,-1,-1,-1,134,303.3
72,1975,5,Karnataka,Chitradurga,-1,111,-1,89.2,73.1,71.7,58.4,-1,138.3,92.7,151.5,297.3,305,151.3,-1,135,267.4
72,1976,5,Karnataka,Chitradurga,-1,114.4,-1,137.3,108.6,108.1,125.7,-1,194.2,191.1,248.3,-1,250,150.6,-1,105,388.8
72,1977,5,Karnataka,Chitradurga,-1,100.8,-1,75.8,81.6,93.3,79.9,-1,207.4,249.9,194.2,357.3,329.4,216.2,-1,148,279.1
72,1978,5,Karnataka,Chitradurga,-1,93,-1,76.7,83.8,90.6,79,-1,203,242.1,192.7,313.8,298.5,165.2,-1,101,287.8
72,1979,5,Karnataka,Chitradurga,-1,102.4,-1,95.2,81.6,96.8,92.8,-1,265.6,250.3,293,483.4,294.2,237.5,-1,136.7,3603
72,1980,5,Karnataka,Chitradurga,-1,117.3,-1,131.4,97.6,122.8,128.4,-1,403.3,333.1,368.6,382.8,443.7,527,-1,200,422.2
72,1981,5,Karnataka,Chitradurga,-1,115.5,-1,156,97.5,151,126.9,-1,434.9,444.4,394,505.3,505.5,318.1,-1,272,421.5
72,1982,5,Karnataka,Chitradurga,-1,-1,-1,150.9,125.5,-1,-1,-1,265,325.5,367.4,413.1,-1,227.6,-1,-1,-1
72,1983,5,Karnataka,Chitradurga,-1,177.5,-1,157,-1,-1,157.9,-1,488,440.4,291,574,-1,-1,-1,-1,-1
72,1984,5,Karnataka,Chitradurga,-1,170,-1,232.6,-1,-1,175,-1,-1,350,-1,-1,-1,-1,-1,-1,-1
72,1985,5,Karnataka,Chitradurga,-1,195,-1,180.6,154.4,215,167.1,-1,-1,374.2,450,641,571.7,305,-1,-1,-1
72,1986,5,Karnataka,Chitradurga,-1,190,-1,149.8,141.4,-1,148.9,-1,-1,379.6,562.5,900.6,667,376.4,-1,-1,544
72,1987,5,Karnataka,Chitradurga,-1,203.7,-1,159.6,-1,186.8,162,-1,576.5,630.3,659,902.3,-1,675.2,-1,-1,612.5
72,1988,5,Karnataka,Chitradurga,-1,227,-1,237,191,193,206,-1,563,442,497,665,593,557,-1,-1,532
72,1989,5,Karnataka,Chitradurga,-1,214,-1,269,182,196,196,-1,-1,533,630,990,525,580,-1,-1,-1
72,1990,5,Karnataka,Chitradurga,-1,235,-1,210,178,220,191,-1,850,1215,963,1297,604,590,-1,-1,-1
72,1991,5,Karnataka,Chitradurga,-1,333,-1,-1,288,302,269,-1,724,1565,1088,1308,1030,642,-1,-1,-1
72,1992,5,Karnataka,Chitradurga,-1,329,538,200,324,-1,298,-1,-1,653,812,1064,1200,-1,-1,-1,-1
72,1993,5,Karnataka,Chitradurga,-1,-1,-1,-1,-1,247,-1,-1,-1,731,941,1064,-1,1010,-1,-1,-1
72,1994,5,Karnataka,Chitradurga,-1,488,-1,-1,357,-1,298,-1,1256,1186,1041,-1,-1,-1,-1,-1,-1
72,1995,5,Karnataka,Chitradurga,-1,478,-1,634,374,-1,-1,-1,1130,-1,1133,-1,-1,-1,-1,-1,-1
72,1996,5,Karnataka,Chitradurga,-1,501,-1,460,315,388,347,-1,-1,1381,1247,1702,-1,-1,-1,-1,-1
72,1997,5,Karnataka,Chitradurga,-1,467,713,396,421,372,373,-1,1289,1531,1195,1568,-1,1112,1257,-1,1887
72,1998,5,Karnataka,Chitradurga,-1,637,-1,383,293,-1,415,-1,-1,979,1305,1789,-1,-1,-1,-1,2277
72,1999,5,Karnataka,Chitradurga,-1,609,-1,-1,435,-1,438,-1,-1,-1,1275,-1,-1,-1,-1,-1,-1
72,2000,5,Karnataka,Chitradurga,-1,-1,-1,-1,-1,-1,360,-1,1371,-1,940,1475,-1,-1,-1,-1,2804
72,2001,5,Karnataka,Chitradurga,-1,468,-1,350,-1,406,-1,-1,1461,1335,1248,-1,-1,-1,-1,-1,1635
72,2002,5,Karnataka,Chitradurga,-1,703,-1,522,-1,510,463,-1,1796,1607,1653,-1,-1,-1,-1,-1,2240
72,2003,5,Karnataka,Chitradurga,-1,-1,-1,-1,-1,506,-1,-1,-1,-1,1623,-1,-1,-1,-1,-1,-1
72,2004,5,Karnataka,Chitradurga,-1,635,-1,520,467,464,460,-1,1684,1096,1575,-1,-1,-1,-1,-1,-1
72,2005,5,Karnataka,Chitradurga,-1,671,-1,515,494,478,482,-1,1511,1361,1544,-1,-1,-1,-1,-1,-1
72,2006,5,Karnataka,Chitradurga,-1,625,-1,616,-1,586,595,-1,1910,1193,1834,2290,-1,-1,-1,-1,-1
72,2007,5,Karnataka,Chitradurga,-1,378,-1,651,-1,-1,773,-1,1947,-1,2423,-1,-1,-1,-1,-1,2471
72,2008,5,Karnataka,Chitradurga,-1,768,-1,664,-1,762,766,-1,-1,2395,2199,-1,-1,2508,-1,-1,2014
72,2009,5,Karnataka,Chitradurga,-1,-1,-1,-1,-1,811,734,-1,2031,3638,2655,-1,-1,2375,-1,-1,-1
72,2010,5,Karnataka,Chitradurga,-1,998,-1,-1,-1,949,-1,-1,-1,3432,3021,-1,-1,-1,-1,-1,-1
72,2011,5,Karnataka,Chitradurga,-1,-1,-1,-1,-1,926,838,-1,-1,2132,2723,-1,-1,-1,-1,-1,-1
72,2012,5,Karnataka,Chitradurga,-1,-1,-1,-1,-1,1115,1735,-1,3433,-1,3175,-1,-1,-1,-1,-1,4350
72,2013,5,Karnataka,Chitradurga,-1,-1,-1,-1,-1,1064,1629,-1,2017,-1,3129,7788,-1,-1,-1,-1,3008
72,2014,5,Karnataka,Chitradurga,-1,1100,1465,-1,-1,1235,1161,-1,3643,-1,4307,8785,-1,-1,-1,-1,3992
72,2015,5,Karnataka,Chitradurga,-1,-1,1465,-1,-1,1444,1422,-1,-1,7392,4464,5595,-1,-1,-1,-1,4778
72,2016,5,Karnataka,Chitradurga,-1,1100,-1,-1,-1,1608,2287.5,-1,6210,4200,4171,-1,-1,-1,-1,-1,5645
73,1966,5,Karnataka,Bellary,-1,55.5,-1,62.6,58.8,-1,-1,-1,-1,-1,152.2,-1,-1,-1,152.2,-1,129.6
73,1967,5,Karnataka,Bellary,-1,72,-1,73.2,63.4,-1,61.3,-1,-1,-1,74.6,-1,-1,-1,-1,111.5,164
73,1968,5,Karnataka,Bellary,-1,-1,-1,-1,-1,-1,-1,-1,-1,-1,-1,-1,-1,-1,-1,-1,-1
73,1969,5,Karnataka,Bellary,-1,60.6,-1,62.5,64.9,-1,-1,-1,-1,-1,127.4,-1,-1,-1,-1,91,148.3
73,1970,5,Karnataka,Bellary,-1,66.6,-1,58.4,61.4,-1,-1,-1,-1,-1,142.8,-1,-1,114.6,-1,84.9,187.5
73,1971,5,Karnataka,Bellary,-1,76.3,-1,67.2,67,-1,-1,-1,-1,-1,127.6,-1,-1,-1,-1,87.9,177.8
73,1972,5,Karnataka,Bellary,-1,82,-1,86.7,85.2,82.6,-1,-1,138.5,122.6,189.8,276.5,-1,181,-1,119.8,203.6
73,1973,5,Karnataka,Bellary,-1,88.6,-1,100.4,86.9,79.8,-1,-1,142.9,137.5,200.1,279.3,-1,185.3,-1,145.5,255.8
73,1974,5,Karnataka,Bellary,-1,143.1,-1,151.4,150.2,121.5,-1,-1,167.5,192.5,293.6,258.8,-1,255.3,-1,131.6,334.5
73,1975,5,Karnataka,Bellary,-1,111.5,-1,90.9,78,85,-1,-1,-1,96.7,162.4,247.6,-1,157.6,-1,134,229.6
73,1976,5,Karnataka,Bellary,-1,108.4,-1,114.6,98,85,-1,-1,-1,236.4,314.5,248.8,-1,224,-1,138,418.8
73,1977,5,Karnataka,Bellary,-1,99.4,-1,69.4,75,95,-1,-1,-1,279,268,264.4,-1,268,-1,131,359
73,1978,5,Karnataka,Bellary,-1,72.6,-1,83.8,75.3,80.6,-1,-1,-1,231.5,231.8,282.8,-1,154.3,-1,116,477.5
73,1979,5,Karnataka,Bellary,-1,88,-1,88,96,91,-1,-1,300,265,306,423,-1,171,-1,137,302
73,1980,5,Karnataka,Bellary,-1,119.1,-1,123,108,109,-1,-1,320,388,342,390,-1,266,-1,217,478
73,1981,5,Karnataka,Bellary,-1,140,-1,179,116,126,-1,-1,-1,279,355,424,-1,311,-1,-1,-1
73,1982,5,Karnataka,Bellary,-1,160.8,-1,115.8,104.9,134.4,-1,-1,355.2,298.6,406.1,513.1,-1,216.3,-1,222,-1
73,1983,5,Karnataka,Bellary,-1,182.2,-1,161.8,144.6,122.4,-1,-1,440,453.6,495.1,596.6,-1,-1,-1,230,-1
73,1984,5,Karnataka,Bellary,-1,168.8,-1,185.6,-1,220,151.3,-1,-1,343.6,452.5,751.1,-1,395,-1,-1,-1
73,1985,5,Karnataka,Bellary,-1,163.9,-1,169.9,-1,180,-1,-1,-1,295,451.1,615.7,-1,-1,-1,-1,-1
73,1986,5,Karnataka,Bellary,-1,166.9,-1,169,161.6,176,-1,-1,-1,440.3,514.6,842.4,-1,661,-1,-1,513.4
73,1987,5,Karnataka,Bellary,-1,177,-1,177,160.2,-1,-1,-1,443.2,544.8,645.7,913.1,-1,-1,-1,-1,-1
73,1988,5,Karnataka,Bellary,-1,214,-1,305,191,207,-1,-1,-1,479,559,779,-1,650,779,-1,-1
73,1989,5,Karnataka,Bellary,-1,-1,-1,169,189,188,-1,-1,-1,484,606,1016,-1,526,-1,-1,-1
73,1990,5,Karnataka,Bellary,-1,-1,-1,213,178,189,-1,-1,778,845,914,1327,-1,549,-1,-1,-1
73,1991,5,Karnataka,Bellary,-1,-1,441,314,278,317,241,-1,809,946,962,1500,-1,595,-1,-1,-1
73,1992,5,Karnataka,Bellary,-1,-1,481,244,274,-1,-1,-1,-1,820,875,1314,-1,-1,-1,-1,-1
73,1993,5,Karnataka,Bellary,-1,-1,-1,281,239,280,-1,-1,800,828,972,1316,-1,496,-1,-1,-1
73,1994,5,Karnataka,Bellary,-1,-1,-1,456,-1,382,-1,-1,1333,-1,1110,-1,-1,-1,-1,-1,-1
73,1995,5,Karnataka,Bellary,-1,-1,607,-1,-1,393,-1,-1,847,1902,1162,1782,-1,-1,-1,-1,-1
73,1996,5,Karnataka,Bellary,-1,623,627,430,391,419,335,-1,1604,1550,1164,1694,-1,915,-1,-1,1625
73,1997,5,Karnataka,Bellary,-1,466,706,399,429,372,349,-1,1628,1288,1131,1599,-1,1112,1257,-1,1501
73,1998,5,Karnataka,Bellary,-1,-1,-1,494,446,-1,-1,-1,1287,1877,1227,2099,-1,-1,-1,-1,1760
73,1999,5,Karnataka,Bellary,-1,-1,866,-1,499,-1,-1,-1,1536,1610,1217,1975,-1,-1,-1,-1,-1
73,2000,5,Karnataka,Bellary,-1,538,909,-1,-1,355,345,-1,1425,1219,1182,1453,-1,-1,-1,-1,1699
73,2001,5,Karnataka,Bellary,-1,538,826,419,417,411,331,-1,1568,1506,1210,1812,-1,-1,901,-1,1483
73,2002,5,Karnataka,Bellary,-1,-1,860,535,430,496,366,-1,-1,1459,1341,-1,-1,-1,-1,-1,1722
73,2003,5,Karnataka,Bellary,-1,800,827,549,553,489,553,-1,1296,-1,1608,-1,-1,-1,-1,-1,2032
73,2004,5,Karnataka,Bellary,-1,801,-1,480,475,545,-1,-1,690,1036,1673,-1,-1,-1,-1,-1,1715
73,2005,5,Karnataka,Bellary,-1,804,-1,473,470,544,-1,-1,625,2024,1717,-1,-1,-1,-1,-1,1834
73,2006,5,Karnataka,Bellary,-1,746,1005,701,660,653,653,-1,2049,1804,2031,-1,-1,-1,-1,-1,2205
73,2007,5,Karnataka,Bellary,-1,942,1019,709,-1,730,642,-1,2205,2192,2388,-1,-1,-1,-1,-1,2385
73,2008,5,Karnataka,Bellary,-1,1138,1020,801,745,789,715,-1,2007,2895,2279,4517,-1,2508,-1,-1,2531
73,2009,5,Karnataka,Bellary,-1,1076,-1,1053,783,800,730,-1,1835,4172,2476,3599,-1,2671,-1,-1,2581
73,2010,5,Karnataka,Bellary,-1,966,-1,-1,923,886,-1,-1,2618,3120,3210,-1,-1,-1,-1,-1,-1
73,2011,5,Karnataka,Bellary,-1,-1,-1,2933,1005,1127,862,-1,3623,3128,3948,4836,-1,-1,-1,-1,-1
73,2012,5,Karnataka,Bellary,-1,-1,-1,-1,1262,1280,-1,-1,3498,3604,4397,-1,-1,-1,-1,-1,4290
73,2013,5,Karnataka,Bellary,-1,-1,-1,-1,1297,1230,1355,-1,2597,4042,3396,-1,-1,-1,-1,-1,4600
73,2014,5,Karnataka,Bellary,-1,-1,-1,-1,1123,1175,1271,-1,3931,4492,4387,-1,-1,-1,-1,-1,3778
73,2015,5,Karnataka,Bellary,-1,1476,-1,1427,1473,1423,1375,-1,-1,6048,4721,5133,-1,-1,-1,-1,4266
73,2016,5,Karnataka,Bellary,-1,1913.5,-1,1749.33,1529,1504,1784,-1,5577,4025,4655,5133,-1,-1,-1,-1,4266
74,1966,5,Karnataka,Dharwad,-1,65.6,135.4,68.4,-1,-1,-1,-1,-1,-1,139.1,-1,-1,-1,-1,-1,214
74,1967,5,Karnataka,Dharwad,-1,75.3,121.5,74,-1,-1,-1,-1,135,79,86,165,215,-1,-1,-1,139.3
74,1968,5,Karnataka,Dharwad,-1,74,119,72.5,-1,-1,-1,-1,140,63,115.5,184,220,-1,98,-1,182.5
74,1969,5,Karnataka,Dharwad,-1,64.5,93,74,-1,-1,-1,-1,115,135,116,184,-1,-1,130,-1,211
74,1970,5,Karnataka,Dharwad,-1,68.7,101.2,79.3,-1,-1,-1,-1,91.1,86.5,134,198.9,95,-1,127.4,-1,258.2
74,1971,5,Karnataka,Dharwad,-1,74,103.1,68.5,-1,-1,-1,-1,131.8,83.3,101.3,157.5,-1,-1,131.8,-1,202.4
74,1972,5,Karnataka,Dharwad,-1,92.7,130.6,106.5,-1,-1,82.4,-1,165.1,144.3,186.8,250.3,-1,-1,170.7,-1,230.8
74,1973,5,Karnataka,Dharwad,-1,108,240,93.5,-1,-1,104,-1,215,139,238,358,-1,-1,265,-1,392
74,1974,5,Karnataka,Dharwad,-1,120.1,192.6,120.1,-1,-1,-1,-1,197.5,151.9,208.4,356.4,-1,-1,203.5,-1,259.5
74,1975,5,Karnataka,Dharwad,-1,107.2,151.5,124.8,-1,-1,86.3,-1,202.8,96.8,130.3,-1,-1,-1,-1,-1,276.2
74,1976,5,Karnataka,Dharwad,-1,101,194.5,126.3,-1,-1,100.7,-1,178,145.1,210.4,-1,-1,-1,-1,-1,418
74,1977,5,Karnataka,Dharwad,-1,90.4,171.1,123.7,-1,-1,86.7,-1,239.1,226.3,138.8,-1,-1,-1,-1,-1,383.3
74,1978,5,Karnataka,Dharwad,-1,91.3,184.5,125.6,-1,-1,75.4,-1,253.1,247.6,164.6,-1,-1,-1,-1,-1,394
74,1979,5,Karnataka,Dharwad,-1,97,174,112,-1,-1,78,-1,266,253,260.9,-1,-1,-1,-1,-1,300
74,1980,5,Karnataka,Dharwad,-1,124.9,198.6,153.6,-1,-1,111.3,-1,314.1,272.9,342.3,-1,-1,-1,-1,-1,437.6
74,1981,5,Karnataka,Dharwad,-1,137,210.1,131,-1,-1,127.3,-1,322.7,244,391,-1,-1,-1,-1,-1,348.5
74,1982,5,Karnataka,Dharwad,-1,132.8,246.2,139.2,251.9,-1,126.4,-1,291.1,291,395.2,-1,-1,-1,-1,-1,427.9
74,1983,5,Karnataka,Dharwad,-1,175.8,253.9,155.8,-1,-1,153.7,-1,-1,-1,396.9,-1,-1,-1,-1,-1,484.6
74,1984,5,Karnataka,Dharwad,-1,157.5,223.9,167.3,-1,-1,148.1,-1,453.9,426.5,382,-1,-1,379.4,-1,-1,460.3
74,1985,5,Karnataka,Dharwad,-1,205.7,287.8,196.8,135.8,-1,-1,-1,510,338.8,400.2,581.7,-1,285,-1,-1,399.2
74,1986,5,Karnataka,Dharwad,-1,195.8,284.3,-1,-1,-1,132,-1,427,-1,463.6,-1,-1,-1,-1,-1,492.1
74,1987,5,Karnataka,Dharwad,-1,197,273.3,194,-1,170,-1,-1,482.6,597,628,934,-1,642.2,-1,-1,611
74,1988,5,Karnataka,Dharwad,-1,224,389,346,-1,184,-1,-1,661,473,472,716,-1,525,558,-1,438
74,1989,5,Karnataka,Dharwad,-1,228,319,311,-1,178,189,-1,670,548,570,841,-1,626,646,-1,501
74,1990,5,Karnataka,Dharwad,-1,249,457,280,-1,194,-1,-1,737,671,866,1341,-1,655,855,-1,-1
74,1991,5,Karnataka,Dharwad,-1,281,500,-1,-1,-1,-1,-1,719,709,1069,-1,-1,701,-1,-1,-1
74,1992,5,Karnataka,Dharwad,-1,318,435,375,-1,-1,282,-1,-1,684,801,1371,-1,593,837,-1,1048
74,1993,5,Karnataka,Dharwad,-1,331,-1,251,-1,216,-1,-1,1086,844,854,1163,-1,756,940,-1,1359
74,1994,5,Karnataka,Dharwad,-1,401,480,342,-1,-1,314,-1,1059,-1,981,-1,-1,-1,-1,-1,-1
74,1995,5,Karnataka,Dharwad,-1,406,-1,629,-1,390,352,-1,971,-1,1033,-1,-1,-1,-1,-1,-1
74,1996,5,Karnataka,Dharwad,-1,508,650,502,-1,406,378,-1,1427,-1,1214,-1,-1,-1,-1,-1,1590
74,1997,5,Karnataka,Dharwad,-1,480,706,537,421,372,313,-1,1289,1547,1170,1514,-1,1112,1230,-1,1867
74,1998,5,Karnataka,Dharwad,-1,483,866,803,-1,391,283,-1,1106,1333,1194,1885,-1,1405,-1,-1,1914
74,1999,5,Karnataka,Dharwad,-1,551,752,800,-1,-1,-1,-1,1398,-1,1175,-1,-1,-1,-1,-1,1479
74,2000,5,Karnataka,Dharwad,-1,543,771,499,-1,-1,-1,-1,1641,-1,1023,-1,-1,-1,976,-1,-1
74,2001,5,Karnataka,Dharwad,-1,530,787,545,-1,486,-1,-1,1583,-1,1114,-1,-1,-1,-1,-1,1749
74,2002,5,Karnataka,Dharwad,-1,522,782,597,-1,-1,-1,-1,1571,-1,1459,-1,-1,-1,-1,-1,2076
74,2003,5,Karnataka,Dharwad,-1,-1,-1,502,-1,-1,-1,-1,-1,-1,1474,-1,-1,-1,-1,-1,2892
74,2004,5,Karnataka,Dharwad,-1,-1,908,603,-1,502,-1,-1,1680,-1,1555,-1,-1,-1,-1,-1,2004
74,2005,5,Karnataka,Dharwad,-1,-1,785,606,-1,516,-1,-1,1836,-1,1538,-1,-1,-1,-1,-1,1866
74,2006,5,Karnataka,Dharwad,-1,603,1069,658,-1,688,530,-1,2143,-1,1694,-1,-1,-1,-1,-1,2009
74,2007,5,Karnataka,Dharwad,-1,378,1187,1030,-1,751,-1,-1,2372,-1,2415,-1,-1,-1,-1,-1,2244
74,2008,5,Karnataka,Dharwad,-1,913,1218,851,-1,789,-1,-1,2200,2544,2100,-1,-1,2508,-1,-1,2513
74,2009,5,Karnataka,Dharwad,-1,985,1431,860,-1,776,-1,-1,2039,-1,2257,-1,-1,2375,-1,-1,2501
74,2010,5,Karnataka,Dharwad,-1,1124,1305,1311,-1,949,-1,-1,2217,-1,2862,-1,-1,-1,-1,-1,4018
74,2011,5,Karnataka,Dharwad,-1,959,1394,1974,-1,1020,-1,-1,3451,2225,3212,-1,-1,-1,-1,-1,-1
74,2012,5,Karnataka,Dharwad,-1,1380,2121,1701,-1,1578,-1,-1,4167,2250,4814,-1,-1,-1,-1,-1,4714
74,2013,5,Karnataka,Dharwad,-1,1102,1768,-1,-1,1130,-1,-1,2824,-1,-1,-1,-1,-1,-1,-1,4104
74,2014,5,Karnataka,Dharwad,-1,-1,1571,2323,-1,1043,-1,-1,3418,-1,3276,-1,-1,-1,-1,-1,4161
74,2015,5,Karnataka,Dharwad,-1,-1,1647,1520,-1,1368,-1,-1,-1,-1,4004,-1,-1,-1,-1,-1,4725
74,2016,5,Karnataka,Dharwad,-1,-1,2080,2036,-1,1365,-1,-1,4640,-1,5073,-1,-1,-1,-1,-1,5742
75,1966,5,Karnataka,Belgaum,-1,57.7,125.9,62.5,53.3,57.5,-1,-1,89.3,69.6,148.6,-1,-1,-1,-1,59.4,174
75,1967,5,Karnataka,Belgaum,-1,72.5,137,81.5,67.2,66.5,-1,-1,145.5,102.3,147.9,-1,-1,-1,-1,143.3,135.3
75,1968,5,Karnataka,Belgaum,-1,-1,-1,-1,-1,-1,-1,-1,-1,-1,-1,-1,-1,-1,-1,-1,-1
75,1969,5,Karnataka,Belgaum,-1,62.5,86.2,63.6,60.2,49.3,-1,-1,-1,103.4,131.2,-1,-1,-1,-1,84,224
75,1970,5,Karnataka,Belgaum,-1,66.6,100.1,86.3,65.3,61,-1,-1,91.4,93.3,140.5,-1,-1,-1,-1,95,211.1
75,1971,5,Karnataka,Belgaum,-1,70.7,97.7,90.1,63.4,69.2,-1,-1,99.2,93.8,120.5,-1,166.1,-1,-1,108.8,219.6
75,1972,5,Karnataka,Belgaum,-1,95.1,147.1,114.6,84.9,88.8,98.1,-1,171,145.4,179.3,-1,250.6,-1,-1,131.6,212.7
75,1973,5,Karnataka,Belgaum,-1,113.2,220.4,133.3,87,111.8,118.5,-1,177.1,170,247.6,-1,335,-1,-1,134.6,307.1
75,1974,5,Karnataka,Belgaum,-1,127.3,188.4,166.4,161.3,154.8,156.2,-1,204.1,159.8,261.6,-1,364.4,-1,-1,123.7,319.4
75,1975,5,Karnataka,Belgaum,-1,120.1,116.3,134.1,77.5,81.2,114.9,-1,164.6,113.2,147.1,-1,-1,-1,166.7,129.2,258
75,1976,5,Karnataka,Belgaum,-1,114.8,165.5,117.1,102.1,119.8,-1,-1,130.4,204.8,211.5,-1,-1,-1,320,145,461.1
75,1977,5,Karnataka,Belgaum,-1,105.1,163.1,104.6,98.4,100,107.5,-1,199.5,253.6,229.3,-1,-1,-1,231.5,115,357.6
75,1978,5,Karnataka,Belgaum,-1,97.7,161.8,84.3,80,84,76.6,-1,203.4,223.6,182.4,-1,-1,-1,177.2,93,442.5
75,1979,5,Karnataka,Belgaum,-1,93.2,181.8,100.6,93.3,96.2,108.2,-1,259.1,246.3,244.1,-1,-1,-1,258.1,129,307
75,1980,5,Karnataka,Belgaum,-1,106.3,247.4,174.7,138.5,110.7,114.1,-1,421.1,317.3,337,-1,-1,-1,373.6,234,468.5
75,1981,5,Karnataka,Belgaum,-1,126.2,251.2,134.6,136,162.3,134.7,-1,253.8,-1,231.6,-1,-1,-1,377.6,186,421.7
75,1982,5,Karnataka,Belgaum,-1,135.7,261.8,132,111.4,132.1,114.6,-1,273.5,305.4,340.2,-1,-1,-1,347,170,-1
75,1983,5,Karnataka,Belgaum,-1,157.1,295.5,189.2,135.8,142,134.8,-1,350.3,395.9,317.4,-1,-1,-1,346.4,-1,-1
75,1984,5,Karnataka,Belgaum,-1,156.3,236.8,215.6,152,145,-1,-1,-1,360,437,-1,-1,-1,-1,215,-1
75,1985,5,Karnataka,Belgaum,-1,204.3,349.2,214.1,-1,200.4,175.3,-1,513,350,351.2,-1,-1,-1,-1,-1,-1
75,1986,5,Karnataka,Belgaum,-1,176.8,319.9,-1,169.1,161.4,181.8,-1,-1,443,485.3,-1,-1,-1,-1,-1,468.3
75,1987,5,Karnataka,Belgaum,-1,201,303.3,230,170.4,171.9,201.8,-1,-1,564.4,634.2,-1,-1,-1,-1,-1,711.5
75,1988,5,Karnataka,Belgaum,-1,263,394,327,212,191,-1,-1,757,581,485,-1,-1,-1,-1,240,627
75,1989,5,Karnataka,Belgaum,-1,246,320,326,193,176,211,-1,831,516,575,-1,-1,-1,-1,430,620
75,1990,5,Karnataka,Belgaum,-1,277,383,272,206,207,266,-1,947,620,837,-1,-1,-1,-1,440,-1
75,1991,5,Karnataka,Belgaum,-1,240,481,-1,214,375,285,-1,747,742,974,-1,-1,-1,-1,470,1034
75,1992,5,Karnataka,Belgaum,-1,329,-1,-1,298,207,315,-1,846,807,878,-1,-1,-1,-1,-1,-1
75,1993,5,Karnataka,Belgaum,-1,366,470,438,-1,245,334,-1,-1,1024,985,-1,-1,-1,-1,-1,-1
75,1994,5,Karnataka,Belgaum,-1,366,468,438,-1,245,334,-1,-1,1024,835,-1,-1,-1,-1,-1,1199
75,1995,5,Karnataka,Belgaum,-1,587,539,-1,-1,-1,-1,-1,-1,1788,1020,-1,-1,-1,-1,-1,-1
75,1996,5,Karnataka,Belgaum,-1,524,770,480,355,388,-1,-1,786,-1,1038,-1,-1,-1,-1,-1,1534
75,1997,5,Karnataka,Belgaum,-1,530,706,393,478,372,349,-1,783,1531,1113,1568,-1,1112,1257,-1,2220
75,1998,5,Karnataka,Belgaum,-1,-1,-1,442,-1,-1,-1,-1,877,-1,-1,-1,-1,-1,-1,-1,1686
75,1999,5,Karnataka,Belgaum,-1,-1,826,631,-1,-1,-1,-1,1395,-1,1123,-1,-1,-1,-1,-1,1563
75,2000,5,Karnataka,Belgaum,-1,576,706,325,400,356,-1,-1,805,-1,1099,-1,-1,-1,-1,-1,2611
75,2001,5,Karnataka,Belgaum,-1,576,750,420,-1,506,-1,-1,1100,-1,1220,-1,-1,-1,-1,-1,1574
75,2002,5,Karnataka,Belgaum,-1,624,873,506,525,529,-1,-1,1470,-1,1201,-1,-1,-1,-1,-1,1984
75,2003,5,Karnataka,Belgaum,-1,719,975,638,600,555,-1,-1,1975,-1,1591,-1,-1,-1,-1,-1,2052
75,2004,5,Karnataka,Belgaum,-1,808,947,581,594,-1,-1,-1,1614,-1,1457,-1,-1,-1,-1,-1,-1
75,2005,5,Karnataka,Belgaum,-1,739,-1,593,582,-1,-1,-1,1582,-1,1588,-1,-1,-1,-1,-1,-1
75,2006,5,Karnataka,Belgaum,-1,650,1315,511,555,613,-1,-1,-1,-1,1466,-1,-1,-1,-1,-1,-1
75,2007,5,Karnataka,Belgaum,-1,378,1000,851,-1,-1,-1,-1,-1,-1,2181,-1,-1,-1,-1,-1,3126
75,2008,5,Karnataka,Belgaum,-1,-1,1422,917,-1,776,-1,-1,-1,-1,2111,-1,-1,2508,-1,-1,-1
75,2009,5,Karnataka,Belgaum,-1,-1,1553,1305,729,1005,-1,-1,1732,-1,2414,-1,-1,2375,-1,-1,-1
75,2010,5,Karnataka,Belgaum,-1,1107,-1,1417,830,950,-1,-1,-1,-1,2724,-1,-1,-1,-1,-1,5251
75,2011,5,Karnataka,Belgaum,-1,-1,1522,-1,995,1069,-1,-1,3456,-1,3094,-1,-1,-1,-1,-1,-1
75,2012,5,Karnataka,Belgaum,-1,-1,2024,-1,1248,1335,-1,-1,3506,-1,4571,-1,-1,-1,-1,-1,-1
75,2013,5,Karnataka,Belgaum,-1,-1,1720,-1,-1,1231,-1,-1,3333,-1,2589,-1,-1,-1,-1,-1,-1
75,2014,5,Karnataka,Belgaum,-1,-1,2021,-1,1218,1123,-1,-1,4036,5679,4295,-1,-1,-1,-1,-1,4359
75,2015,5,Karnataka,Belgaum,-1,-1,2041,2292,-1,1474,-1,-1,-1,-1,4156,-1,-1,-1,-1,-1,4350
75,2016,5,Karnataka,Belgaum,-1,-1,2035,2329,1750,1438,-1,-1,-1,4025,4839.5,-1,-1,-1,-1,-1,5670
76,1966,5,Karnataka,Bijapur / Vijayapura,-1,-1,144.2,55.8,48,-1,-1,-1,-1,90,140.9,-1,-1,-1,170,-1,177.1
76,1967,5,Karnataka,Bijapur / Vijayapura,-1,125,133.1,66.1,58.1,64.5,-1,-1,122.5,105.5,92.1,162.5,-1,-1,83,-1,184.3
76,1968,5,Karnataka,Bijapur / Vijayapura,-1,78.6,121.6,68.3,54.9,54.1,-1,-1,127.5,120.8,113,174.4,-1,-1,119.3,-1,140.7
76,1969,5,Karnataka,Bijapur / Vijayapura,-1,-1,104.5,50.1,62.8,52.6,-1,-1,115,-1,149.8,170.2,-1,-1,149.3,-1,165.3
76,1970,5,Karnataka,Bijapur / Vijayapura,-1,-1,114.1,70.1,57.7,63,-1,-1,84,89.5,145.3,215,-1,-1,137.1,-1,234.6
76,1971,5,Karnataka,Bijapur / Vijayapura,-1,-1,103,67.9,64.6,58.1,-1,-1,96,116.6,114.9,211.9,-1,-1,145.3,105.7,169.6
76,1972,5,Karnataka,Bijapur / Vijayapura,-1,-1,143.9,98.2,88.2,90.8,-1,-1,202.3,163.8,222.8,263.6,-1,-1,167.1,133.7,204.3
76,1973,5,Karnataka,Bijapur / Vijayapura,-1,-1,195.2,105.6,102.2,103.8,-1,-1,200.5,152.5,265.3,299.2,-1,-1,279.5,149.6,329.2
76,1974,5,Karnataka,Bijapur / Vijayapura,-1,-1,187.3,145.6,135.5,132.6,-1,-1,182.2,163.1,252,313.1,-1,-1,215.4,-1,254.4
76,1975,5,Karnataka,Bijapur / Vijayapura,-1,-1,121.8,91,80.9,89.3,-1,-1,131.2,104.7,168.7,279,-1,-1,157.6,126.3,243.9
76,1976,5,Karnataka,Bijapur / Vijayapura,-1,-1,171.7,112.3,94.6,108.6,-1,-1,144.1,186.9,240.7,405,-1,-1,306.5,147,407.3
76,1977,5,Karnataka,Bijapur / Vijayapura,-1,-1,160.7,95.1,91.4,95.7,-1,-1,196.7,213.3,236.8,345.9,-1,-1,242.4,134,293.7
76,1978,5,Karnataka,Bijapur / Vijayapura,-1,-1,154.4,74.8,67.7,84.6,-1,-1,201.9,236.2,215.4,347.9,-1,-1,272.6,100,249.5
76,1979,5,Karnataka,Bijapur / Vijayapura,-1,-1,173.8,94.7,80,100.1,-1,-1,243.1,269.2,250.3,447.5,-1,-1,312.6,149.4,314.3
76,1980,5,Karnataka,Bijapur / Vijayapura,-1,-1,251.5,124.2,116.7,110.3,-1,-1,404.6,360.3,346.9,559.2,-1,-1,462.7,241,443.6
76,1981,5,Karnataka,Bijapur / Vijayapura,-1,-1,226.9,112.6,110.3,145.5,-1,-1,259.5,304.8,403.2,495.3,-1,-1,336.9,220,355.3
76,1982,5,Karnataka,Bijapur / Vijayapura,-1,-1,282.8,104,99.9,118.8,-1,-1,259.4,321.3,383.9,580,-1,-1,414,212.4,456.8
76,1983,5,Karnataka,Bijapur / Vijayapura,-1,-1,274.5,127.7,119.8,135.7,-1,-1,336.5,384,429.3,725.2,-1,-1,444.4,232,520.4
76,1984,5,Karnataka,Bijapur / Vijayapura,-1,-1,241.8,141.8,138.9,-1,-1,-1,399.3,-1,427.6,723.5,-1,-1,474.1,-1,451.6
76,1985,5,Karnataka,Bijapur / Vijayapura,-1,-1,325.8,165.1,-1,-1,-1,-1,460.7,263.1,462.3,679.5,-1,-1,469.9,-1,347.7
76,1986,5,Karnataka,Bijapur / Vijayapura,-1,-1,353.8,246.2,147.8,-1,-1,-1,381.2,433.4,574.2,947.5,-1,-1,641.7,-1,469.7
76,1987,5,Karnataka,Bijapur / Vijayapura,-1,-1,330.7,128.1,159.1,179.8,-1,-1,446.4,613.3,691,1058.1,-1,-1,682,-1,-1
76,1988,5,Karnataka,Bijapur / Vijayapura,-1,-1,363,205,186,201,-1,-1,586,525,554,869,-1,-1,604,-1,600
76,1989,5,Karnataka,Bijapur / Vijayapura,-1,-1,320,179,156,184,-1,-1,647,539,693,1078,-1,-1,671,-1,585
76,1990,5,Karnataka,Bijapur / Vijayapura,-1,-1,487,208,176,201,-1,-1,670,791,1001,1362,-1,-1,1012,-1,882
76,1991,5,Karnataka,Bijapur / Vijayapura,-1,-1,671,374,355,248,-1,-1,709,881,1067,1400,-1,-1,931,-1,943
76,1992,5,Karnataka,Bijapur / Vijayapura,-1,-1,553,300,256,-1,-1,-1,742,896,912,1299,-1,-1,833,-1,785
76,1993,5,Karnataka,Bijapur / Vijayapura,-1,-1,520,238,229,245,-1,-1,989,911,985,1370,-1,-1,951,-1,-1
76,1994,5,Karnataka,Bijapur / Vijayapura,-1,-1,575,521,344,399,-1,-1,873,1167,1166,1749,-1,-1,1068,-1,-1
76,1995,5,Karnataka,Bijapur / Vijayapura,-1,-1,674,618,357,370,-1,-1,955,1385,1097,1953,-1,-1,1150,-1,-1
76,1996,5,Karnataka,Bijapur / Vijayapura,-1,-1,754,498,352,398,-1,-1,1162,1324,1181,1706,-1,-1,1128,-1,1818
76,1997,5,Karnataka,Bijapur / Vijayapura,-1,466,706,604,421,350,349,-1,1219,1619,1202,1755,-1,1112,1259,-1,1757
76,1998,5,Karnataka,Bijapur / Vijayapura,-1,-1,-1,744,-1,-1,-1,-1,1126,1841,1411,1785,-1,-1,-1,-1,1889
76,1999,5,Karnataka,Bijapur / Vijayapura,-1,-1,592,-1,-1,-1,-1,-1,1282,1213,1115,1784,-1,-1,-1,-1,1790
76,2000,5,Karnataka,Bijapur / Vijayapura,-1,-1,819,501,-1,-1,-1,-1,1566,1273,1192,1459,-1,-1,1407,-1,1858
76,2001,5,Karnataka,Bijapur / Vijayapura,-1,-1,780,624,-1,499,-1,-1,1550,-1,1330,-1,-1,-1,-1,-1,1697
76,2002,5,Karnataka,Bijapur / Vijayapura,-1,-1,797,598,-1,694,-1,-1,1515,1385,1589,2236,-1,-1,-1,-1,2129
76,2003,5,Karnataka,Bijapur / Vijayapura,-1,-1,890,857,-1,536,-1,-1,1425,-1,1710,-1,-1,-1,-1,-1,2248
76,2004,5,Karnataka,Bijapur / Vijayapura,-1,-1,-1,-1,491,453,-1,-1,-1,1149,1657,-1,-1,-1,-1,-1,-1
76,2005,5,Karnataka,Bijapur / Vijayapura,-1,-1,-1,-1,508,457,-1,-1,-1,1561,1651,-1,-1,-1,-1,-1,-1
76,2006,5,Karnataka,Bijapur / Vijayapura,-1,603,1190,-1,-1,625,-1,-1,2119,-1,1830,-1,-1,-1,-1,-1,2025
76,2007,5,Karnataka,Bijapur / Vijayapura,-1,378,1493,1483,-1,770,-1,-1,2419,-1,2227,-1,-1,-1,-1,-1,2846
76,2008,5,Karnataka,Bijapur / Vijayapura,-1,-1,1245,-1,667,804,-1,-1,2128,2635,2295,-1,-1,2508,-1,-1,-1
76,2009,5,Karnataka,Bijapur / Vijayapura,-1,-1,1484,1050,704,820,-1,-1,1951,5093,2375,-1,-1,2375,-1,-1,3462
76,2010,5,Karnataka,Bijapur / Vijayapura,-1,-1,1649,-1,790,988,-1,-1,2301,2938,3068,-1,-1,-1,-1,-1,-1
76,2011,5,Karnataka,Bijapur / Vijayapura,-1,-1,1652,2596,1000,995,-1,-1,3340,3604,4122,-1,-1,-1,-1,-1,-1
76,2012,5,Karnataka,Bijapur / Vijayapura,-1,-1,1868,-1,-1,1734,-1,-1,3529,3803,4118,-1,-1,-1,3638,-1,4312
76,2013,5,Karnataka,Bijapur / Vijayapura,-1,-1,2322,-1,-1,1247,-1,-1,2625,4016,3412,-1,-1,-1,-1,-1,4908
76,2014,5,Karnataka,Bijapur / Vijayapura,-1,-1,2213,-1,1138,1114,-1,-1,3430,5085,5399,-1,-1,-1,-1,-1,4321
76,2015,5,Karnataka,Bijapur / Vijayapura,-1,-1,2706,-1,1006,1431,-1,-1,3500,8483,4859,-1,-1,-1,8500,-1,-1
76,2016,5,Karnataka,Bijapur / Vijayapura,-1,-1,2695,2180,1467,1379,-1,-1,5144,4873,4417.5,-1,-1,-1,8500,-1,5550
77,1966,5,Karnataka,Bidar,-1,-1,-1,-1,-1,-1,-1,-1,-1,-1,-1,-1,-1,-1,-1,-1,-1
77,1967,5,Karnataka,Bidar,-1,80.8,-1,75.6,65.6,-1,-1,-1,186.1,141.5,99.7,172,-1,-1,-1,91,-1
77,1968,5,Karnataka,Bidar,-1,86.9,-1,59.5,56.3,-1,-1,-1,83,94.7,115.5,166.3,-1,-1,-1,-1,-1
77,1969,5,Karnataka,Bidar,-1,85.5,-1,58.9,67.5,-1,-1,-1,114.2,102.9,129.9,194.8,-1,-1,-1,-1,-1
77,1970,5,Karnataka,Bidar,-1,80,-1,65,66,-1,-1,-1,100,103.5,135,-1,-1,-1,-1,65,-1
77,1971,5,Karnataka,Bidar,-1,73,-1,75,67.8,-1,-1,-1,96.5,117,108.3,211.5,-1,-1,-1,97,-1
77,1972,5,Karnataka,Bidar,-1,-1,-1,-1,-1,-1,-1,-1,152,-1,-1,-1,-1,-1,-1,114,-1
77,1973,5,Karnataka,Bidar,-1,119,-1,117.8,81.4,-1,-1,-1,205.1,152.4,210,352.1,-1,-1,334.1,127.1,267.4
77,1974,5,Karnataka,Bidar,-1,128.3,-1,126,135.3,-1,-1,-1,213.8,210.1,237.1,339.9,-1,-1,233.7,131.8,267.8
77,1975,5,Karnataka,Bidar,-1,132,127,104.5,74,-1,-1,-1,133,129.9,139.3,286.9,-1,-1,159,130,221.9
77,1976,5,Karnataka,Bidar,-1,116.9,148.1,107.4,86.9,-1,-1,-1,141.3,234.6,216,382.3,-1,-1,306.5,132,404.5
77,1977,5,Karnataka,Bidar,-1,118.5,152.4,89.6,111,-1,-1,-1,217.4,295.8,226.4,457,-1,-1,302.3,119,354.2
77,1978,5,Karnataka,Bidar,-1,88.2,141.5,77.6,74.3,-1,-1,-1,213.9,278.2,172.2,344.8,-1,-1,239,64,275.4
77,1979,5,Karnataka,Bidar,-1,98.8,161.5,85,81.1,-1,-1,-1,227.7,287.1,262.4,432.3,-1,-1,311.4,144.6,292.6
77,1980,5,Karnataka,Bidar,-1,104.2,189.3,105.7,106.9,-1,-1,-1,381.1,289.3,313.8,411.6,-1,-1,426.3,238.8,-1
77,1981,5,Karnataka,Bidar,-1,106.5,201.9,125.6,108.6,-1,-1,-1,300,340.6,317.5,489.9,-1,-1,430.4,204,-1
77,1982,5,Karnataka,Bidar,-1,124.2,216.1,119.2,100.8,-1,-1,-1,299.8,340.9,354.3,514.5,-1,-1,422.8,137.9,367.4
77,1983,5,Karnataka,Bidar,-1,177.8,208,170.7,154.1,-1,-1,-1,362.9,471.5,440.4,525.5,-1,442.7,478.1,189,-1
77,1984,5,Karnataka,Bidar,-1,150,215.8,149,127.2,-1,-1,-1,463.4,369.8,419.4,730.5,-1,-1,491.7,-1,-1
77,1985,5,Karnataka,Bidar,-1,170.8,325.8,136.4,158.3,-1,-1,-1,457.6,384.9,406.7,641.5,-1,-1,437.6,250,-1
77,1986,5,Karnataka,Bidar,-1,210.6,260,170.3,147.4,-1,-1,-1,357.8,516,548.6,957.2,-1,-1,365.6,270,-1
77,1987,5,Karnataka,Bidar,-1,191.9,291.7,-1,146.7,-1,-1,-1,436.9,710,598.2,1024,-1,-1,677.5,250,-1
77,1988,5,Karnataka,Bidar,-1,214,300,305,153,-1,-1,-1,682,547,504,738,-1,-1,610,270,523
77,1989,5,Karnataka,Bidar,-1,190,280,200,154,-1,-1,-1,688,657,654,979,-1,-1,626,325,-1
77,1990,5,Karnataka,Bidar,-1,209,335,235,170,-1,-1,-1,691,901,895,1201,-1,-1,1171,340,-1
77,1991,5,Karnataka,Bidar,-1,348,528,334,301,-1,-1,-1,695,1091,1156,1691,-1,-1,-1,-1,-1
77,1992,5,Karnataka,Bidar,-1,301,-1,263,364,-1,-1,-1,-1,970,971,1229,-1,-1,-1,-1,-1
77,1993,5,Karnataka,Bidar,-1,302,-1,225,-1,-1,-1,-1,1077,962,952,1421,-1,-1,-1,-1,-1
77,1994,5,Karnataka,Bidar,-1,439,588,313,-1,-1,-1,-1,934,1303,1042,1603,-1,-1,-1,-1,-1
77,1995,5,Karnataka,Bidar,-1,381,588,-1,351,-1,-1,-1,808,1608,1247,2150,-1,-1,-1,-1,-1
77,1996,5,Karnataka,Bidar,-1,415,616,461,312,-1,-1,-1,1112,1438,1192,1693,-1,-1,-1,-1,-1
77,1997,5,Karnataka,Bidar,-1,397,706,361,304,372,349,-1,1346,1620,1037,1576,-1,1112,1257,-1,1887
77,1998,5,Karnataka,Bidar,-1,610,641,-1,378,425,-1,-1,1008,1831,1300,2231,-1,-1,-1,-1,-1
77,1999,5,Karnataka,Bidar,-1,650,662,-1,392,-1,-1,-1,1325,1619,1038,1958,-1,-1,-1,-1,-1
77,2000,5,Karnataka,Bidar,-1,496,651,-1,342,-1,-1,-1,1434,1352,1295,1783,-1,-1,971,-1,-1
77,2001,5,Karnataka,Bidar,-1,496,656,690,312,-1,-1,-1,1428,1430,1344,1664,-1,-1,-1,-1,-1
77,2002,5,Karnataka,Bidar,-1,516,656,-1,421,-1,-1,-1,1463,1549,1895,2059,-1,-1,-1,-1,-1
77,2003,5,Karnataka,Bidar,-1,534,857,-1,-1,-1,-1,-1,-1,-1,1877,-1,-1,-1,-1,-1,-1
77,2004,5,Karnataka,Bidar,-1,660,-1,418,435,-1,-1,-1,-1,1606,-1,3168,-1,-1,-1,-1,-1
77,2005,5,Karnataka,Bidar,-1,744,-1,-1,465,-1,-1,-1,-1,1712,-1,3180,-1,-1,-1,-1,-1
77,2006,5,Karnataka,Bidar,-1,750,1076,-1,-1,-1,-1,-1,2183,1712,-1,-1,-1,-1,-1,-1,-1
77,2007,5,Karnataka,Bidar,-1,378,1121,1618,-1,-1,-1,-1,2159,-1,2195,-1,-1,-1,-1,-1,2656
77,2008,5,Karnataka,Bidar,-1,843,1267,1133,709,776,-1,-1,2143,2942,-1,5181,-1,2508,-1,-1,-1
77,2009,5,Karnataka,Bidar,-1,-1,1431,1181,896,1005,-1,-1,1879,4042,2269,4822,-1,2375,-1,-1,-1
77,2010,5,Karnataka,Bidar,-1,909,1512,2348,856,984,-1,-1,2320,3811,2875,4059,-1,-1,-1,-1,-1
77,2011,5,Karnataka,Bidar,-1,-1,1489,2422,1017,-1,-1,-1,3343,3601,3925,4544,-1,-1,-1,-1,-1
77,2012,5,Karnataka,Bidar,-1,-1,1994,2692,1101,-1,-1,-1,3278,4312,4219,6113,-1,-1,-1,-1,-1
77,2013,5,Karnataka,Bidar,-1,944,-1,-1,1163,-1,-1,-1,3126,4123,-1,10313,-1,-1,-1,-1,-1
77,2014,5,Karnataka,Bidar,-1,-1,2299,2348,1190,-1,-1,-1,2695,4076,-1,8700,-1,-1,-1,-1,-1
77,2015,5,Karnataka,Bidar,-1,-1,-1,1296,1425,1474,-1,-1,-1,5636,-1,6711,-1,-1,-1,-1,-1
77,2016,5,Karnataka,Bidar,-1,-1,2136,1719.5,1400,-1,-1,-1,4902,6100,-1,-1,-1,-1,-1,-1,-1
78,1966,5,Karnataka,Raichur,-1,68.3,142.8,62,56.6,-1,-1,-1,-1,-1,152.3,-1,-1,-1,165.9,-1,171.7
78,1967,5,Karnataka,Raichur,-1,64.3,137.1,-1,61.4,-1,-1,-1,135,114.9,113.3,-1,-1,-1,-1,-1,150.9
78,1968,5,Karnataka,Raichur,-1,73.4,141.4,-1,61.7,-1,-1,-1,137.8,69,109.6,-1,-1,-1,-1,-1,173
78,1969,5,Karnataka,Raichur,-1,53.6,110.1,-1,62.4,-1,-1,-1,-1,95,132.5,-1,-1,-1,-1,-1,202.2
78,1970,5,Karnataka,Raichur,-1,56,117.2,66,62.2,-1,-1,-1,-1,87.7,146.9,208.5,-1,135,134.6,64.3,245.9
78,1971,5,Karnataka,Raichur,-1,75.7,114,79.4,68.7,-1,-1,-1,130,139.3,126.6,191.5,-1,123.2,139,103.8,186.5
78,1972,5,Karnataka,Raichur,-1,77.9,157.3,99.1,98,-1,-1,-1,176.7,136.7,199.5,269,-1,176.7,157.3,144.9,211.2
78,1973,5,Karnataka,Raichur,-1,105.8,235.8,121.4,106.7,-1,-1,-1,255.8,136.1,254.7,342,-1,229.4,338.1,150.2,327.7
78,1974,5,Karnataka,Raichur,-1,92.1,160.4,126.7,137.8,-1,-1,-1,176,170.2,232.3,359.1,-1,190.1,200.6,114.2,238.7
78,1975,5,Karnataka,Raichur,-1,92,123.5,89.7,107.9,-1,-1,-1,-1,87.7,138.8,245.9,-1,175.5,113.1,134.2,254.9
78,1976,5,Karnataka,Raichur,-1,111.7,153.2,114.9,106.4,-1,-1,-1,-1,184.9,243,372.7,-1,221.3,309.7,136,372.3
78,1977,5,Karnataka,Raichur,-1,100,164,90,92,-1,-1,-1,-1,224,232,354,-1,211,374,128,300
78,1978,5,Karnataka,Raichur,-1,92.8,166.2,72.8,70.9,-1,-1,-1,-1,230.9,202.5,321.5,-1,140.8,170,104,302.1
78,1979,5,Karnataka,Raichur,-1,97.4,190,93.8,87.6,-1,-1,-1,208.3,284.7,290.4,351.4,-1,221.4,202.1,146,368.3
78,1980,5,Karnataka,Raichur,-1,120.9,210,108,106,-1,-1,-1,305,279,332,433,-1,262.3,239,227,429
78,1981,5,Karnataka,Raichur,-1,131,229,114,103,-1,-1,-1,281,286.9,342,369.1,-1,268.3,357,225,436
78,1982,5,Karnataka,Raichur,-1,142,253,106,101,-1,-1,-1,264,323,387,556,-1,262,323,180,376
78,1983,5,Karnataka,Raichur,-1,-1,315,130,111,-1,-1,-1,283,407,412,560,-1,424,290,190,427
78,1984,5,Karnataka,Raichur,-1,159.1,-1,145,144,-1,-1,-1,-1,324.8,463.6,-1,-1,335.4,-1,-1,436.1
78,1985,5,Karnataka,Raichur,-1,164,227.8,141,148,-1,-1,-1,446,383,446,-1,-1,345,-1,-1,384.6
78,1986,5,Karnataka,Raichur,-1,163,276,147,-1,143,-1,-1,331,380,495,-1,-1,313,-1,-1,419
78,1987,5,Karnataka,Raichur,-1,171,290.3,150.8,147,-1,-1,-1,416.1,553,591,-1,-1,660,-1,-1,566.7
78,1988,5,Karnataka,Raichur,-1,193,-1,178,154,192,300,-1,608,462,591,796,-1,566,588,-1,580
78,1989,5,Karnataka,Raichur,-1,217,218,216,190,175,-1,-1,571,524,626,963,-1,567,637,-1,662
78,1990,5,Karnataka,Raichur,-1,223,381,200,197,191,-1,-1,-1,823,911,1381,-1,596,1106,-1,948
78,1991,5,Karnataka,Raichur,-1,311,513,342,367,313,-1,-1,651,651,1002,1560,-1,661,1158,-1,969
78,1992,5,Karnataka,Raichur,-1,329,-1,358,-1,-1,-1,-1,-1,896,838,1140,-1,667,-1,-1,-1
78,1993,5,Karnataka,Raichur,-1,326,-1,248,-1,-1,-1,-1,1199,966,863,1181,-1,716,840,-1,-1
78,1994,5,Karnataka,Raichur,-1,469,451,437,-1,-1,-1,-1,901,986,1091,1954,-1,880,-1,-1,1942
78,1995,5,Karnataka,Raichur,-1,-1,618,513,373,-1,-1,-1,957,1507,1139,1827,-1,881,-1,-1,-1
78,1996,5,Karnataka,Raichur,-1,486,774,408,405,376,360,-1,1231,1378,1082,1652,-1,969,-1,-1,4710
78,1997,5,Karnataka,Raichur,-1,447,706,299,421,372,349,-1,1289,1695,1134,1692,-1,1091,1257,-1,1962
78,1998,5,Karnataka,Raichur,-1,464,912,960,-1,-1,-1,-1,1092,1522,1156,1850,-1,1396,-1,-1,1463
78,1999,5,Karnataka,Raichur,-1,523,978,840,-1,449,413,-1,1309,1230,1041,1801,-1,1185,-1,-1,1642
78,2000,5,Karnataka,Raichur,-1,-1,-1,440,-1,449,413,-1,1585,1447,1247,1603,-1,-1,-1,-1,2016
78,2001,5,Karnataka,Raichur,-1,-1,-1,584,386,-1,-1,-1,1466,1476,1156,1760,-1,-1,-1,-1,1501
78,2002,5,Karnataka,Raichur,-1,-1,1068,625,508,-1,-1,-1,1627,1452,1665,2510,-1,-1,-1,-1,2015
78,2003,5,Karnataka,Raichur,-1,-1,-1,809,-1,-1,-1,-1,-1,-1,1902,-1,-1,-1,-1,-1,2329
78,2004,5,Karnataka,Raichur,-1,-1,-1,637,-1,-1,-1,-1,1691,-1,-1,-1,-1,-1,-1,-1,1626
78,2005,5,Karnataka,Raichur,-1,-1,-1,667,-1,-1,-1,-1,-1,-1,-1,-1,-1,-1,-1,-1,1711
78,2006,5,Karnataka,Raichur,-1,606,-1,751,-1,-1,-1,-1,2300,1011,1884,2297,-1,-1,-1,-1,1980
78,2007,5,Karnataka,Raichur,-1,378,-1,1075,-1,-1,-1,-1,2284,-1,2167,-1,-1,-1,-1,-1,1277
78,2008,5,Karnataka,Raichur,-1,-1,-1,893,766,776,-1,-1,2215,2929,2309,5784,-1,2726,-1,-1,2286
78,2009,5,Karnataka,Raichur,-1,1387,1578,879,809,1005,-1,-1,1995,4940,2390,4569,-1,2217,-1,-1,2785
78,2010,5,Karnataka,Raichur,-1,1107,-1,3039,838,-1,-1,-1,2375,2904,2944,4340,-1,-1,-1,-1,3892
78,2011,5,Karnataka,Raichur,-1,-1,1627,2289,995,-1,-1,-1,4241,-1,3729,5570,-1,3348,-1,-1,-1
78,2012,5,Karnataka,Raichur,-1,1921,-1,1088,1176,-1,-1,-1,2903,2980,4424,5773,-1,-1,3021,-1,4181
78,2013,5,Karnataka,Raichur,-1,-1,1611,-1,1218,-1,-1,-1,-1,2937,2906,8403,-1,-1,-1,-1,4784
78,2014,5,Karnataka,Raichur,-1,2026,-1,-1,1273,-1,-1,-1,-1,6163,4361,9961,-1,3349,-1,-1,3898
78,2015,5,Karnataka,Raichur,-1,2261,1815,-1,1274,-1,-1,-1,-1,-1,4925,-1,-1,-1,-1,-1,-1
78,2016,5,Karnataka,Raichur,-1,2273,1720,1853,1321,-1,-1,-1,6135,5736,4283.5,6622,-1,2884,-1,-1,5015
79,1966,5,Karnataka,Gulbarga / Kalaburagi,-1,-1,-1,-1,-1,-1,-1,-1,-1,-1,-1,-1,-1,-1,-1,-1,-1
79,1967,5,Karnataka,Gulbarga / Kalaburagi,-1,89.8,138.9,52,59.6,-1,-1,-1,139.2,79.7,144.2,185.5,-1,-1,145.1,-1,131.1
79,1968,5,Karnataka,Gulbarga / Kalaburagi,-1,-1,-1,-1,-1,-1,-1,-1,-1,-1,-1,-1,-1,-1,-1,-1,-1
79,1969,5,Karnataka,Gulbarga / Kalaburagi,-1,-1,117,56,66,-1,-1,-1,104,107,151,239,-1,-1,164,-1,266.7
79,1970,5,Karnataka,Gulbarga / Kalaburagi,-1,65,117,76,65,-1,-1,-1,83,109,150,224,-1,-1,149,-1,261
79,1971,5,Karnataka,Gulbarga / Kalaburagi,-1,86,115,81,70,-1,-1,-1,91,122,122,224,-1,-1,143,-1,206
79,1972,5,Karnataka,Gulbarga / Kalaburagi,-1,111,150,96,116,-1,-1,-1,-1,166,188,281,-1,-1,199,-1,242
79,1973,5,Karnataka,Gulbarga / Kalaburagi,-1,99,208,88,87,-1,-1,-1,-1,145,268,346,-1,-1,310,-1,355
79,1974,5,Karnataka,Gulbarga / Kalaburagi,-1,140.1,193.2,147.6,147.5,-1,-1,-1,-1,210.5,248,368.3,-1,-1,237.6,-1,266.7
79,1975,5,Karnataka,Gulbarga / Kalaburagi,-1,106.5,142.6,105.4,90.4,-1,-1,-1,135.6,114.5,143.3,322.8,-1,-1,158.9,-1,279.6
79,1976,5,Karnataka,Gulbarga / Kalaburagi,-1,111,189.3,113.7,93.8,-1,-1,-1,139.4,220.9,226.1,412.1,-1,-1,320.5,-1,433
79,1977,5,Karnataka,Gulbarga / Kalaburagi,-1,112,186,93,105,-1,-1,-1,233,273,251,380,-1,-1,241,-1,324
79,1978,5,Karnataka,Gulbarga / Kalaburagi,-1,96,182,80,76,-1,-1,-1,208,264,201,361,-1,-1,265,-1,248
79,1979,5,Karnataka,Gulbarga / Kalaburagi,-1,86,211,81,90,-1,-1,-1,229,278,275,410,-1,-1,283,-1,305
79,1980,5,Karnataka,Gulbarga / Kalaburagi,-1,127,263,100,105,-1,-1,-1,383,326,278,465,-1,-1,305,-1,432
79,1981,5,Karnataka,Gulbarga / Kalaburagi,-1,170,254,122,112,-1,-1,-1,292,333,362,566,-1,-1,403,-1,377
79,1982,5,Karnataka,Gulbarga / Kalaburagi,-1,127.9,277,111,108,-1,-1,-1,296,371,379,594,-1,-1,490,-1,-1
79,1983,5,Karnataka,Gulbarga / Kalaburagi,-1,189,292,150,123,-1,-1,-1,330,462,436,742,-1,-1,474,-1,-1
79,1984,5,Karnataka,Gulbarga / Kalaburagi,-1,186.6,265.8,181,151,-1,-1,-1,-1,388.3,435.5,722.2,-1,-1,423.4,-1,-1
79,1985,5,Karnataka,Gulbarga / Kalaburagi,-1,194.9,302,176.1,162,-1,-1,-1,502,365,414,623,-1,-1,404,-1,-1
79,1986,5,Karnataka,Gulbarga / Kalaburagi,-1,253.3,337,171.4,148.3,-1,-1,-1,429,512.6,508.1,831.7,-1,-1,417,-1,658
79,1987,5,Karnataka,Gulbarga / Kalaburagi,-1,235.3,297,188.5,157.5,-1,-1,-1,422.3,703.7,582,956.6,-1,-1,643,-1,-1
79,1988,5,Karnataka,Gulbarga / Kalaburagi,-1,193,354,241,202,-1,-1,-1,638,606,504,835,-1,-1,481,-1,-1
79,1989,5,Karnataka,Gulbarga / Kalaburagi,-1,292,372,299,178,-1,-1,-1,662,725,637,969,-1,-1,652,-1,-1
79,1990,5,Karnataka,Gulbarga / Kalaburagi,-1,253,-1,220,191,-1,-1,-1,743,932,844,1295,-1,-1,796,-1,-1
79,1991,5,Karnataka,Gulbarga / Kalaburagi,-1,304,519,328,352,-1,-1,-1,729,779,953,1623,-1,-1,1006,-1,-1
79,1992,5,Karnataka,Gulbarga / Kalaburagi,-1,298,538,296,264,-1,-1,-1,827,1038,-1,1209,-1,-1,829,-1,1182
79,1993,5,Karnataka,Gulbarga / Kalaburagi,-1,364,524,-1,230,-1,-1,-1,1156,1102,959,1360,-1,-1,757,-1,-1
79,1994,5,Karnataka,Gulbarga / Kalaburagi,-1,430,660,451,-1,-1,-1,-1,994,1367,1121,1641,-1,-1,1237,-1,-1
79,1995,5,Karnataka,Gulbarga / Kalaburagi,-1,474,668,544,407,-1,-1,-1,922,1828,1089,2030,-1,-1,1260,-1,-1
79,1996,5,Karnataka,Gulbarga / Kalaburagi,-1,503,674,515,333,-1,-1,-1,1115,1626,1179,1773,-1,-1,1211,-1,1809
79,1997,5,Karnataka,Gulbarga / Kalaburagi,-1,481,706,483,349,372,349,-1,1347,1531,1130,1751,-1,1112,1265,-1,1979
79,1998,5,Karnataka,Gulbarga / Kalaburagi,-1,589,826,577,488,-1,-1,-1,1172,1971,1275,2093,-1,-1,-1,-1,1914
79,1999,5,Karnataka,Gulbarga / Kalaburagi,-1,556,894,604,499,-1,-1,-1,1365,1665,1246,2258,-1,-1,-1,-1,1572
79,2000,5,Karnataka,Gulbarga / Kalaburagi,-1,556,809,347,275,-1,-1,-1,1494,1472,1096,1782,-1,-1,1255,-1,2598
79,2001,5,Karnataka,Gulbarga / Kalaburagi,-1,540,942,587,429,-1,-1,-1,1508,1536,1262,1860,-1,1100,-1,-1,1544
79,2002,5,Karnataka,Gulbarga / Kalaburagi,-1,614,877,624,454,-1,-1,-1,1444,1633,1553,2161,-1,-1,-1,-1,2212
79,2003,5,Karnataka,Gulbarga / Kalaburagi,-1,-1,877,624,-1,-1,-1,-1,1444,-1,1348,-1,-1,2061,-1,-1,2058
79,2004,5,Karnataka,Gulbarga / Kalaburagi,-1,685,1039,831,532,-1,-1,-1,1571,1526,1550,2766,-1,-1,-1,-1,1885
79,2005,5,Karnataka,Gulbarga / Kalaburagi,-1,697,1156,796,506,-1,444,-1,1592,1727,1688,2812,-1,-1,-1,-1,1916
79,2006,5,Karnataka,Gulbarga / Kalaburagi,-1,638,1164,970,597,-1,-1,-1,2396,1010,2187,3131,-1,-1,-1,-1,2176
79,2007,5,Karnataka,Gulbarga / Kalaburagi,-1,741,1375,1615,-1,1109,-1,-1,2132,-1,2241,-1,-1,-1,-1,-1,2233
79,2008,5,Karnataka,Gulbarga / Kalaburagi,-1,-1,-1,-1,736,900,-1,-1,2064,3068,2527,5800,-1,2508,-1,-1,2525
79,2009,5,Karnataka,Gulbarga / Kalaburagi,-1,-1,1562,-1,815,980,-1,-1,1914,4370,2361,4598,-1,2375,-1,-1,2574
79,2010,5,Karnataka,Gulbarga / Kalaburagi,-1,-1,1687,2201,886,996,-1,-1,2412,3888,3428,4272,-1,-1,-1,-1,3800
79,2011,5,Karnataka,Gulbarga / Kalaburagi,-1,-1,1748,3278,1203,1110,-1,-1,-1,3844,3780,4168,-1,-1,-1,-1,-1
79,2012,5,Karnataka,Gulbarga / Kalaburagi,-1,-1,2382,-1,1516,1204,-1,-1,3237,3907,4045,6367,-1,-1,-1,-1,4320
79,2013,5,Karnataka,Gulbarga / Kalaburagi,-1,-1,2131,-1,-1,1820,-1,-1,3018,4084,4210,11102,-1,2324,-1,-1,4456
79,2014,5,Karnataka,Gulbarga / Kalaburagi,-1,-1,2316,-1,-1,1686,-1,-1,3797,5413,5253,8875,-1,-1,-1,-1,-1
79,2015,5,Karnataka,Gulbarga / Kalaburagi,-1,-1,2458,2500,-1,1395,-1,-1,-1,9380,4490,5413,-1,-1,-1,-1,-1
79,2016,5,Karnataka,Gulbarga / Kalaburagi,-1,2915,2435,2376,-1,1361,-1,-1,5505,-1,-1,-1,-1,-1,-1,-1,-1
80,1966,5,Karnataka,Dakshina Kannada,-1,74.9,-1,-1,-1,-1,-1,-1,-1,-1,-1,-1,-1,-1,-1,103,-1
80,1967,5,Karnataka,Dakshina Kannada,-1,74.6,-1,-1,-1,-1,-1,-1,-1,-1,-1,-1,-1,-1,-1,76.5,-1
80,1968,5,Karnataka,Dakshina Kannada,-1,73.8,-1,-1,-1,-1,-1,-1,-1,-1,-1,-1,-1,-1,-1,-1,-1
80,1969,5,Karnataka,Dakshina Kannada,-1,57,-1,-1,-1,-1,-1,-1,-1,-1,-1,-1,-1,-1,-1,-1,-1
80,1970,5,Karnataka,Dakshina Kannada,-1,61,-1,-1,-1,-1,-1,-1,-1,-1,-1,-1,-1,-1,-1,-1,-1
80,1971,5,Karnataka,Dakshina Kannada,-1,76.5,-1,-1,-1,-1,-1,-1,-1,-1,-1,-1,-1,-1,-1,203.7,-1
80,1972,5,Karnataka,Dakshina Kannada,-1,72.3,-1,-1,-1,-1,-1,-1,-1,-1,-1,-1,-1,-1,-1,173,-1
80,1973,5,Karnataka,Dakshina Kannada,-1,139.4,-1,-1,-1,-1,-1,-1,-1,-1,-1,-1,-1,-1,-1,202.8,-1
80,1974,5,Karnataka,Dakshina Kannada,-1,147.6,-1,-1,-1,-1,-1,-1,-1,-1,-1,-1,-1,-1,-1,-1,-1
80,1975,5,Karnataka,Dakshina Kannada,-1,125.8,-1,-1,-1,-1,-1,-1,-1,-1,-1,-1,-1,-1,-1,167,-1
80,1976,5,Karnataka,Dakshina Kannada,-1,101.5,-1,-1,-1,-1,-1,-1,-1,-1,-1,-1,-1,-1,-1,139,-1
80,1977,5,Karnataka,Dakshina Kannada,-1,104.1,-1,-1,-1,-1,-1,-1,-1,-1,-1,-1,-1,-1,-1,149,-1
80,1978,5,Karnataka,Dakshina Kannada,-1,103,-1,-1,-1,-1,-1,-1,-1,-1,-1,-1,-1,-1,-1,139,-1
80,1979,5,Karnataka,Dakshina Kannada,-1,105,-1,-1,-1,-1,-1,-1,-1,-1,-1,-1,-1,-1,-1,165,-1
80,1980,5,Karnataka,Dakshina Kannada,-1,114,-1,-1,-1,-1,-1,-1,-1,-1,-1,-1,-1,-1,-1,707.5,-1
80,1981,5,Karnataka,Dakshina Kannada,-1,148.7,-1,-1,-1,-1,-1,-1,-1,-1,-1,-1,-1,-1,-1,746,-1
80,1982,5,Karnataka,Dakshina Kannada,-1,142.1,-1,-1,-1,-1,-1,-1,-1,-1,-1,-1,-1,-1,-1,-1,-1
80,1983,5,Karnataka,Dakshina Kannada,-1,188.2,-1,-1,-1,-1,-1,-1,-1,-1,-1,-1,-1,-1,-1,-1,-1
80,1984,5,Karnataka,Dakshina Kannada,-1,165.1,-1,-1,-1,-1,-1,-1,447.9,-1,-1,-1,-1,-1,-1,-1,-1
80,1985,5,Karnataka,Dakshina Kannada,-1,186.6,-1,-1,-1,-1,-1,-1,-1,-1,-1,-1,-1,-1,-1,245,-1
80,1986,5,Karnataka,Dakshina Kannada,-1,183.6,-1,-1,-1,-1,-1,-1,-1,-1,-1,-1,-1,-1,-1,286,-1
80,1987,5,Karnataka,Dakshina Kannada,-1,191.5,-1,-1,-1,-1,-1,-1,-1,-1,-1,-1,-1,-1,-1,275,-1
80,1988,5,Karnataka,Dakshina Kannada,-1,242,-1,-1,-1,-1,-1,-1,-1,-1,-1,-1,-1,-1,-1,270,-1
80,1989,5,Karnataka,Dakshina Kannada,-1,229,-1,-1,-1,-1,-1,-1,-1,-1,-1,-1,-1,-1,-1,330,-1
80,1990,5,Karnataka,Dakshina Kannada,-1,239,-1,-1,-1,-1,-1,-1,-1,-1,-1,-1,-1,508,-1,350,-1
80,1991,5,Karnataka,Dakshina Kannada,-1,325,-1,-1,-1,-1,-1,-1,-1,-1,-1,-1,-1,-1,-1,410,-1
80,1992,5,Karnataka,Dakshina Kannada,-1,365,-1,-1,-1,-1,-1,-1,-1,-1,-1,-1,-1,-1,-1,-1,-1
80,1993,5,Karnataka,Dakshina Kannada,-1,354,-1,339,-1,-1,-1,-1,-1,-1,-1,-1,-1,-1,-1,-1,-1
80,1994,5,Karnataka,Dakshina Kannada,-1,397,-1,-1,-1,-1,-1,-1,-1,-1,-1,-1,-1,-1,-1,-1,-1
80,1995,5,Karnataka,Dakshina Kannada,-1,457,-1,-1,-1,-1,-1,-1,-1,-1,-1,-1,-1,-1,-1,-1,-1
80,1996,5,Karnataka,Dakshina Kannada,-1,508,-1,635,-1,-1,-1,-1,-1,-1,-1,-1,-1,-1,-1,-1,-1
80,1997,5,Karnataka,Dakshina Kannada,-1,466,706,399,421,372,349,-1,1689,1531,1132,1568,-1,1112,1257,-1,1887
80,1998,5,Karnataka,Dakshina Kannada,-1,514,-1,-1,-1,-1,-1,-1,-1,-1,-1,-1,-1,-1,-1,-1,-1
80,1999,5,Karnataka,Dakshina Kannada,-1,609,-1,-1,-1,-1,-1,-1,-1,-1,-1,-1,-1,-1,-1,-1,-1
80,2000,5,Karnataka,Dakshina Kannada,-1,583,-1,-1,-1,-1,-1,-1,-1,-1,-1,-1,-1,-1,-1,-1,-1
80,2001,5,Karnataka,Dakshina Kannada,-1,684,-1,-1,-1,-1,-1,-1,-1,-1,-1,-1,-1,-1,-1,-1,-1
80,2002,5,Karnataka,Dakshina Kannada,-1,662,-1,-1,-1,-1,-1,-1,-1,-1,-1,-1,-1,-1,-1,-1,-1
80,2003,5,Karnataka,Dakshina Kannada,-1,650,-1,-1,-1,-1,-1,-1,-1,-1,-1,-1,-1,-1,-1,-1,-1
80,2004,5,Karnataka,Dakshina Kannada,-1,677,-1,-1,-1,-1,-1,-1,-1,-1,-1,-1,-1,-1,-1,888,-1
80,2005,5,Karnataka,Dakshina Kannada,-1,704,-1,-1,-1,-1,-1,-1,-1,-1,-1,-1,-1,-1,-1,888,-1
80,2006,5,Karnataka,Dakshina Kannada,-1,693,-1,673,-1,-1,-1,-1,-1,-1,-1,-1,-1,-1,-1,-1,-1
80,2007,5,Karnataka,Dakshina Kannada,-1,858,-1,-1,-1,-1,-1,-1,-1,-1,-1,-1,-1,-1,-1,-1,-1
80,2008,5,Karnataka,Dakshina Kannada,-1,926,-1,-1,-1,798,-1,-1,-1,-1,-1,-1,-1,2508,-1,-1,-1
80,2009,5,Karnataka,Dakshina Kannada,-1,950,-1,-1,-1,1005,-1,-1,-1,-1,-1,-1,-1,2375,-1,-1,-1
80,2010,5,Karnataka,Dakshina Kannada,-1,-1,-1,-1,-1,-1,-1,-1,-1,-1,-1,-1,-1,-1,-1,-1,-1
80,2011,5,Karnataka,Dakshina Kannada,-1,940,-1,-1,-1,-1,-1,-1,-1,-1,-1,-1,-1,-1,-1,-1,-1
80,2012,5,Karnataka,Dakshina Kannada,-1,1570,-1,-1,-1,-1,-1,-1,-1,-1,-1,-1,-1,-1,-1,-1,-1
80,2013,5,Karnataka,Dakshina Kannada,-1,1772,-1,-1,-1,-1,-1,-1,-1,-1,-1,-1,-1,-1,-1,-1,-1
80,2014,5,Karnataka,Dakshina Kannada,-1,1500,-1,1799,-1,-1,-1,-1,-1,-1,-1,-1,-1,-1,-1,-1,-1
80,2015,5,Karnataka,Dakshina Kannada,-1,1740,-1,-1,-1,-1,-1,-1,-1,-1,-1,-1,-1,-1,-1,-1,-1
80,2016,5,Karnataka,Dakshina Kannada,-1,1835,-1,-1,-1,-1,2278,-1,-1,-1,-1,-1,-1,-1,-1,-1,-1
81,1966,5,Karnataka,Uttara Kannada,-1,66.2,-1,-1,-1,-1,-1,-1,-1,-1,-1,-1,-1,-1,-1,-1,-1
81,1967,5,Karnataka,Uttara Kannada,-1,70.9,-1,-1,-1,-1,-1,-1,-1,-1,-1,-1,-1,-1,-1,-1,-1
81,1968,5,Karnataka,Uttara Kannada,-1,78.1,-1,-1,-1,-1,-1,-1,-1,-1,-1,-1,-1,-1,-1,-1,-1
81,1969,5,Karnataka,Uttara Kannada,-1,55.3,-1,-1,-1,-1,-1,-1,-1,-1,-1,-1,-1,-1,-1,-1,-1
81,1970,5,Karnataka,Uttara Kannada,-1,59.9,-1,-1,-1,-1,-1,-1,-1,-1,-1,-1,-1,-1,-1,-1,-1
81,1971,5,Karnataka,Uttara Kannada,-1,67.7,-1,-1,-1,-1,-1,-1,-1,-1,-1,-1,-1,-1,-1,-1,-1
81,1972,5,Karnataka,Uttara Kannada,-1,67.8,-1,-1,-1,-1,-1,-1,-1,-1,-1,-1,-1,-1,-1,-1,-1
81,1973,5,Karnataka,Uttara Kannada,-1,123.5,-1,-1,-1,-1,-1,-1,-1,-1,-1,-1,-1,-1,-1,-1,-1
81,1974,5,Karnataka,Uttara Kannada,-1,121.1,-1,-1,-1,-1,-1,-1,-1,-1,-1,-1,-1,-1,-1,-1,-1
81,1975,5,Karnataka,Uttara Kannada,-1,122.2,-1,-1,-1,-1,-1,-1,-1,-1,-1,-1,-1,-1,-1,-1,-1
81,1976,5,Karnataka,Uttara Kannada,-1,104,-1,-1,-1,-1,-1,-1,-1,-1,-1,-1,-1,-1,-1,-1,-1
81,1977,5,Karnataka,Uttara Kannada,-1,95.5,-1,-1,-1,-1,-1,-1,-1,-1,-1,-1,-1,-1,-1,-1,-1
81,1978,5,Karnataka,Uttara Kannada,-1,91,-1,-1,-1,-1,-1,-1,-1,-1,-1,-1,-1,-1,-1,-1,-1
81,1979,5,Karnataka,Uttara Kannada,-1,96.2,-1,-1,-1,-1,-1,-1,-1,-1,-1,-1,-1,-1,-1,-1,-1
81,1980,5,Karnataka,Uttara Kannada,-1,116.5,-1,-1,-1,-1,-1,-1,-1,-1,-1,-1,-1,-1,-1,-1,-1
81,1981,5,Karnataka,Uttara Kannada,-1,133.7,-1,-1,-1,-1,-1,-1,-1,-1,-1,-1,-1,296.9,-1,-1,-1
81,1982,5,Karnataka,Uttara Kannada,-1,139.1,-1,-1,-1,-1,-1,-1,-1,-1,-1,-1,-1,-1,-1,-1,-1
81,1983,5,Karnataka,Uttara Kannada,-1,165.3,-1,-1,-1,-1,-1,-1,-1,-1,-1,-1,-1,-1,-1,-1,-1
81,1984,5,Karnataka,Uttara Kannada,-1,163.8,-1,-1,-1,-1,-1,-1,-1,-1,-1,-1,-1,-1,-1,-1,-1
81,1985,5,Karnataka,Uttara Kannada,-1,184.4,-1,-1,-1,-1,-1,-1,-1,-1,-1,-1,-1,-1,-1,-1,-1
81,1986,5,Karnataka,Uttara Kannada,-1,174.8,-1,-1,-1,-1,-1,-1,-1,-1,-1,-1,-1,-1,-1,-1,-1
81,1987,5,Karnataka,Uttara Kannada,-1,206,-1,-1,-1,-1,-1,-1,-1,-1,-1,-1,-1,-1,-1,-1,-1
81,1988,5,Karnataka,Uttara Kannada,-1,218,-1,-1,-1,-1,-1,-1,-1,-1,-1,-1,-1,-1,-1,-1,-1
81,1989,5,Karnataka,Uttara Kannada,-1,237,-1,-1,-1,-1,-1,-1,-1,-1,-1,-1,-1,-1,-1,-1,-1
81,1990,5,Karnataka,Uttara Kannada,-1,255,-1,-1,-1,-1,-1,-1,-1,-1,-1,-1,-1,-1,-1,-1,-1
81,1991,5,Karnataka,Uttara Kannada,-1,297,-1,-1,-1,-1,-1,-1,-1,-1,-1,-1,-1,-1,-1,-1,-1
81,1992,5,Karnataka,Uttara Kannada,-1,337,-1,-1,-1,-1,-1,-1,-1,-1,-1,-1,-1,-1,-1,-1,-1
81,1993,5,Karnataka,Uttara Kannada,-1,333,-1,-1,-1,-1,263,-1,-1,-1,-1,-1,-1,-1,-1,-1,-1
81,1994,5,Karnataka,Uttara Kannada,-1,455,-1,-1,-1,-1,-1,-1,-1,-1,-1,-1,-1,-1,-1,-1,-1
81,1995,5,Karnataka,Uttara Kannada,-1,457,-1,-1,-1,-1,-1,-1,-1,-1,-1,-1,-1,-1,-1,-1,-1
81,1996,5,Karnataka,Uttara Kannada,-1,502,-1,-1,-1,-1,-1,-1,-1,-1,-1,-1,-1,-1,-1,-1,-1
81,1997,5,Karnataka,Uttara Kannada,-1,472,706,399,421,372,349,-1,1289,1531,1132,1568,-1,1112,1257,-1,1887
81,1998,5,Karnataka,Uttara Kannada,-1,520,-1,-1,-1,-1,-1,-1,-1,-1,-1,-1,-1,-1,-1,-1,-1
81,1999,5,Karnataka,Uttara Kannada,-1,562,-1,-1,-1,-1,-1,-1,-1,-1,-1,-1,-1,-1,-1,-1,-1
81,2000,5,Karnataka,Uttara Kannada,-1,528,-1,-1,-1,-1,-1,-1,-1,-1,-1,-1,-1,-1,-1,-1,-1
81,2001,5,Karnataka,Uttara Kannada,-1,534,-1,-1,-1,-1,-1,-1,-1,-1,-1,-1,-1,-1,-1,-1,-1
81,2002,5,Karnataka,Uttara Kannada,-1,535,-1,-1,-1,-1,-1,-1,-1,-1,-1,-1,-1,-1,-1,-1,-1
81,2003,5,Karnataka,Uttara Kannada,-1,591,-1,-1,-1,-1,-1,-1,-1,-1,-1,-1,-1,-1,-1,-1,-1
81,2004,5,Karnataka,Uttara Kannada,-1,546,-1,-1,-1,-1,-1,-1,-1,-1,-1,-1,-1,-1,-1,-1,-1
81,2005,5,Karnataka,Uttara Kannada,-1,574,-1,-1,-1,-1,-1,-1,-1,-1,-1,-1,-1,-1,-1,-1,-1
81,2006,5,Karnataka,Uttara Kannada,-1,577,-1,-1,-1,-1,-1,-1,-1,-1,-1,-1,-1,-1,-1,-1,-1
81,2007,5,Karnataka,Uttara Kannada,-1,583,-1,-1,-1,-1,-1,-1,-1,-1,-1,-1,-1,-1,-1,-1,-1
81,2008,5,Karnataka,Uttara Kannada,-1,829,-1,-1,-1,776,-1,-1,-1,-1,-1,-1,-1,2508,-1,-1,2637
81,2009,5,Karnataka,Uttara Kannada,-1,921,-1,-1,-1,1005,-1,-1,-1,-1,-1,-1,-1,2375,-1,-1,-1
81,2010,5,Karnataka,Uttara Kannada,-1,963,-1,-1,-1,-1,-1,-1,-1,-1,-1,3300,-1,-1,-1,-1,-1
81,2011,5,Karnataka,Uttara Kannada,-1,-1,-1,-1,-1,-1,-1,-1,-1,-1,-1,-1,-1,-1,-1,-1,-1
81,2012,5,Karnataka,Uttara Kannada,-1,-1,-1,-1,-1,1375,-1,-1,-1,-1,-1,-1,-1,-1,-1,-1,-1
81,2013,5,Karnataka,Uttara Kannada,-1,1335,-1,-1,-1,1068,-1,-1,-1,-1,-1,-1,-1,-1,-1,-1,-1
81,2014,5,Karnataka,Uttara Kannada,-1,1391,-1,-1,-1,1134,-1,-1,-1,-1,3417,-1,-1,-1,-1,-1,-1
81,2015,5,Karnataka,Uttara Kannada,-1,-1,-1,-1,-1,1433,-1,-1,-1,8585,-1,-1,-1,-1,-1,-1,-1
81,2016,5,Karnataka,Uttara Kannada,-1,1514,-1,-1,-1,1384,-1,-1,-1,-1,-1,-1,-1,-1,-1,-1,-1
82,1966,5,Karnataka,Kodagu / Coorg,-1,110,-1,-1,-1,-1,-1,-1,-1,-1,-1,-1,-1,-1,-1,-1,-1
82,1967,5,Karnataka,Kodagu / Coorg,-1,72.1,-1,-1,-1,-1,80.6,-1,-1,-1,65.4,-1,-1,-1,-1,-1,-1
82,1968,5,Karnataka,Kodagu / Coorg,-1,-1,-1,-1,-1,-1,-1,-1,-1,-1,-1,-1,-1,-1,-1,-1,-1
82,1969,5,Karnataka,Kodagu / Coorg,-1,-1,-1,-1,-1,-1,-1,-1,-1,-1,-1,-1,-1,-1,-1,-1,-1
82,1970,5,Karnataka,Kodagu / Coorg,-1,66.1,-1,-1,-1,-1,-1,-1,-1,-1,-1,-1,-1,-1,-1,-1,-1
82,1971,5,Karnataka,Kodagu / Coorg,-1,68.3,-1,-1,-1,-1,-1,-1,-1,-1,-1,-1,-1,-1,-1,-1,-1
82,1972,5,Karnataka,Kodagu / Coorg,-1,62.8,-1,-1,-1,-1,-1,-1,-1,-1,-1,-1,-1,-1,-1,-1,-1
82,1973,5,Karnataka,Kodagu / Coorg,-1,97.5,-1,-1,-1,-1,-1,-1,-1,-1,-1,-1,-1,-1,-1,-1,-1
82,1974,5,Karnataka,Kodagu / Coorg,-1,162.4,-1,-1,-1,-1,-1,-1,-1,-1,-1,-1,-1,-1,-1,-1,-1
82,1975,5,Karnataka,Kodagu / Coorg,-1,103.1,-1,-1,-1,-1,-1,-1,-1,-1,-1,-1,-1,-1,-1,-1,-1
82,1976,5,Karnataka,Kodagu / Coorg,-1,110.9,-1,-1,-1,-1,-1,-1,-1,-1,-1,-1,-1,-1,-1,-1,-1
82,1977,5,Karnataka,Kodagu / Coorg,-1,100.4,-1,-1,-1,-1,-1,-1,-1,-1,-1,-1,-1,-1,-1,-1,-1
82,1978,5,Karnataka,Kodagu / Coorg,-1,98.5,-1,-1,-1,-1,-1,-1,-1,-1,-1,-1,-1,-1,-1,-1,-1
82,1979,5,Karnataka,Kodagu / Coorg,-1,103.3,-1,-1,-1,-1,-1,-1,-1,-1,-1,-1,-1,-1,-1,-1,-1
82,1980,5,Karnataka,Kodagu / Coorg,-1,126.4,-1,-1,-1,-1,-1,-1,-1,-1,-1,-1,-1,-1,-1,-1,-1
82,1981,5,Karnataka,Kodagu / Coorg,-1,127.5,-1,-1,-1,-1,-1,-1,-1,-1,-1,-1,-1,-1,-1,-1,-1
82,1982,5,Karnataka,Kodagu / Coorg,-1,138.7,-1,-1,-1,-1,-1,-1,-1,-1,-1,-1,-1,-1,-1,-1,-1
82,1983,5,Karnataka,Kodagu / Coorg,-1,154.3,-1,-1,-1,-1,-1,-1,-1,-1,-1,-1,-1,-1,-1,-1,-1
82,1984,5,Karnataka,Kodagu / Coorg,-1,148.3,-1,-1,-1,-1,-1,-1,-1,-1,-1,-1,-1,-1,-1,-1,-1
82,1985,5,Karnataka,Kodagu / Coorg,-1,116.8,-1,-1,-1,-1,-1,-1,-1,-1,-1,-1,-1,-1,-1,-1,-1
82,1986,5,Karnataka,Kodagu / Coorg,-1,157.8,-1,-1,-1,-1,-1,-1,-1,-1,-1,-1,-1,-1,-1,-1,-1
82,1987,5,Karnataka,Kodagu / Coorg,-1,-1,-1,-1,-1,-1,-1,-1,-1,-1,-1,-1,-1,-1,-1,-1,-1
82,1988,5,Karnataka,Kodagu / Coorg,-1,221,-1,-1,-1,-1,-1,-1,-1,-1,-1,-1,-1,-1,-1,-1,-1
82,1989,5,Karnataka,Kodagu / Coorg,-1,202,-1,-1,-1,-1,-1,-1,-1,-1,-1,-1,-1,-1,-1,-1,-1
82,1990,5,Karnataka,Kodagu / Coorg,-1,221,-1,-1,-1,-1,-1,-1,-1,-1,-1,-1,-1,-1,-1,-1,-1
82,1991,5,Karnataka,Kodagu / Coorg,-1,295,-1,-1,-1,319,-1,-1,-1,-1,-1,-1,-1,-1,-1,-1,-1
82,1992,5,Karnataka,Kodagu / Coorg,-1,317,-1,-1,-1,-1,-1,-1,-1,-1,-1,-1,-1,-1,-1,-1,-1
82,1993,5,Karnataka,Kodagu / Coorg,-1,-1,-1,-1,-1,-1,-1,-1,-1,-1,-1,-1,-1,-1,-1,-1,-1
82,1994,5,Karnataka,Kodagu / Coorg,-1,431,-1,-1,-1,-1,-1,-1,-1,-1,-1,-1,-1,-1,-1,-1,-1
82,1995,5,Karnataka,Kodagu / Coorg,-1,421,-1,-1,-1,-1,-1,-1,-1,-1,-1,-1,-1,-1,-1,-1,-1
82,1996,5,Karnataka,Kodagu / Coorg,-1,-1,-1,-1,-1,-1,-1,-1,-1,-1,-1,-1,-1,-1,-1,-1,-1
82,1997,5,Karnataka,Kodagu / Coorg,-1,434,706,399,421,372,349,-1,1289,1531,1132,1568,-1,1112,1257,-1,1887
82,1998,5,Karnataka,Kodagu / Coorg,-1,549,-1,-1,-1,-1,-1,-1,-1,-1,-1,-1,-1,-1,-1,-1,-1
82,1999,5,Karnataka,Kodagu / Coorg,-1,539,-1,-1,-1,-1,-1,-1,-1,-1,-1,-1,-1,-1,-1,-1,-1
82,2000,5,Karnataka,Kodagu / Coorg,-1,485,-1,-1,-1,-1,-1,-1,-1,-1,-1,-1,-1,-1,-1,-1,-1
82,2001,5,Karnataka,Kodagu / Coorg,-1,505,-1,-1,-1,-1,-1,-1,-1,-1,-1,-1,-1,-1,-1,-1,-1
82,2002,5,Karnataka,Kodagu / Coorg,-1,553,-1,-1,-1,-1,-1,-1,-1,-1,-1,-1,-1,-1,-1,-1,-1
82,2003,5,Karnataka,Kodagu / Coorg,-1,482,-1,-1,-1,-1,-1,-1,-1,-1,-1,-1,-1,-1,-1,-1,-1
82,2004,5,Karnataka,Kodagu / Coorg,-1,537,-1,-1,-1,-1,-1,-1,-1,-1,-1,-1,-1,-1,-1,-1,-1
82,2005,5,Karnataka,Kodagu / Coorg,-1,546,-1,-1,-1,-1,386,-1,-1,-1,-1,-1,-1,-1,-1,-1,-1
82,2006,5,Karnataka,Kodagu / Coorg,-1,536,-1,-1,-1,-1,-1,-1,-1,-1,-1,-1,-1,-1,-1,-1,-1
82,2007,5,Karnataka,Kodagu / Coorg,-1,680,-1,-1,-1,613,-1,-1,-1,-1,-1,-1,-1,-1,-1,-1,-1
82,2008,5,Karnataka,Kodagu / Coorg,-1,781,-1,-1,-1,744,-1,-1,-1,-1,-1,-1,-1,2508,-1,-1,-1
82,2009,5,Karnataka,Kodagu / Coorg,-1,889,-1,-1,-1,1005,-1,-1,-1,-1,-1,-1,-1,2375,-1,-1,-1
82,2010,5,Karnataka,Kodagu / Coorg,-1,913,-1,-1,-1,846,-1,-1,-1,-1,-1,-1,-1,-1,-1,-1,-1
82,2011,5,Karnataka,Kodagu / Coorg,-1,898,-1,-1,-1,934,-1,-1,-1,-1,-1,-1,-1,-1,-1,-1,-1
82,2012,5,Karnataka,Kodagu / Coorg,-1,1153,-1,-1,-1,1262,-1,-1,-1,-1,-1,-1,-1,-1,-1,-1,-1
82,2013,5,Karnataka,Kodagu / Coorg,-1,890,-1,-1,-1,1338,-1,-1,-1,-1,-1,-1,-1,-1,-1,-1,-1
82,2014,5,Karnataka,Kodagu / Coorg,-1,1360,-1,-1,-1,941,-1,-1,-1,-1,-1,-1,-1,-1,-1,-1,-1
82,2015,5,Karnataka,Kodagu / Coorg,-1,1328,-1,-1,-1,1188,-1,-1,-1,-1,-1,-1,-1,-1,-1,-1,-1
82,2016,5,Karnataka,Kodagu / Coorg,-1,1666,-1,-1,-1,1500,-1,-1,-1,-1,-1,-1,-1,-1,-1,-1,-1
